Date,Close,High,Low,Open,Volume
,AAPL,AAPL,AAPL,AAPL,AAPL
2020-01-02,72.716064453125,72.77659055848162,71.4668047519516,71.72101143907315,135480400
2020-01-03,72.00912475585938,72.7717522953066,71.78396939069293,71.94133580542943,146322800
2020-01-06,72.5829086303711,72.62164622763687,70.87607527260708,71.12786596061405,118387200
2020-01-07,72.24154663085938,72.84922374466596,72.02123070618616,72.59259363206662,108872000
2020-01-08,73.40365600585938,73.70628659812324,71.9437663243162,71.9437663243162,132079200
2020-01-09,74.9627914428711,75.15647202012606,74.13237506994084,74.38415834268419,170108400
2020-01-10,75.13225555419922,75.69878635468899,74.62868165074606,75.19762847110803,140644800
2020-01-13,76.73741912841797,76.76405445807666,75.33079296168272,75.44942915816804,121532000
2020-01-14,75.70121002197266,76.88510420958616,75.57774178905865,76.6744745414686,161954400
2020-01-15,75.3768081665039,76.38396369325629,74.94343907710318,75.50028381601487,121923600
2020-01-16,76.32099151611328,76.43236486391163,75.55836410557868,75.92152071901803,108829200
2020-01-17,77.16595458984375,77.16837061022176,76.26290232469962,76.57037231867773,137816400
2020-01-21,76.64299774169922,77.23614913553814,76.5049964495613,76.79310129941813,110843200
2020-01-22,76.91658020019531,77.47099402402007,76.82215592624772,77.1296258918447,101832400
2020-01-23,77.28700256347656,77.3668937772688,76.42026453610515,76.96984634011159,104472000
2020-01-24,77.06427001953125,78.27963174807223,76.8730054274966,77.5339532626897,146537600
2020-01-27,74.79815673828125,75.48088552561684,73.8127900649216,75.06688907368486,161940000
2020-01-28,76.91415405273438,77.08604612277858,75.58257973802782,75.68184343719155,162234000
2020-01-29,78.5241470336914,79.37393591584485,77.80752001617462,78.55078236199498,216229200
2020-01-30,78.41038513183594,78.46364841866361,77.17081124396611,77.60418037822573,126743200
2020-01-31,74.9337387084961,78.12224966790679,74.63837103116171,77.69856694811635,199588400
2020-02-03,74.72795867919922,75.89731989448796,73.16880546652003,73.67237945985059,173788400
2020-02-04,77.19499206542969,77.38625661675313,75.93120675854502,76.33794039127015,136616400
2020-02-05,77.82447052001953,78.62583557722229,77.21920945636545,78.32562106551018,118826800
2020-02-06,78.73478698730469,78.73721039613278,77.53637437960353,78.09563507421905,105425600
2020-02-07,77.6645736694336,78.48240085764334,77.1719355094332,78.23244174012544,117684000
2020-02-10,78.033447265625,78.033447265625,76.1648229834898,76.24490381310511,109348800
2020-02-11,77.56263732910156,78.60373238920275,77.34422769426291,78.53093164624849,94323200
2020-02-12,79.40458679199219,79.40943770675925,78.0140331926388,78.0140331926388,113730400
2020-02-13,78.8391342163086,79.16675238353734,78.47026476188894,78.67411425559266,94747600
2020-02-14,78.85855102539062,79.10851012138082,78.34892359887368,78.80758309855572,80113600
2020-02-18,77.41461944580078,77.59662873916865,76.34925482708518,76.53126412045305,152531200
2020-02-19,78.5357894897461,78.76633753940254,77.65729255269991,77.65729255269991,93984000
2020-02-20,77.73011016845703,78.78576569935353,77.22291175513422,78.29555659989744,100566000
2020-02-21,75.97066497802734,77.76649566805042,75.35183643347615,77.32238890983989,129554000
2020-02-24,72.36203002929688,73.81810418195764,70.19005719516358,72.13876947323553,222195200
2020-02-25,69.91098022460938,73.41769559790279,69.4377605020185,73.03426594239946,230673600
2020-02-26,71.02000427246094,72.28921804434103,69.52752997923261,69.53481005262495,198054800
2020-02-27,66.37757110595703,69.4062083168437,66.2416714304022,68.21708245275049,320605600
2020-02-28,66.3387451171875,67.56427882911555,62.215630206085294,62.431618127058165,426510000
2020-03-02,72.5149154663086,73.15316245707646,67.39681595785085,68.50343166746465,341397200
2020-03-03,70.2118911743164,73.77441717355254,69.35765634090362,73.69433636090781,319475600
2020-03-04,73.46864318847656,73.6288122283086,71.13650139150472,71.93976834476976,219178400
2020-03-05,71.0855484008789,72.69450423193115,70.7191006767236,71.71650798671432,187572800
2020-03-06,70.14151763916016,70.5759151634938,68.24862422437134,68.43548440571074,226176800
2020-03-09,64.59387969970703,67.48660954634035,63.82458392757783,64.00659319733327,286744800
2020-03-10,69.24602508544922,69.51297346708441,65.37044115282052,67.25606172575357,285290000
2020-03-11,66.84107971191406,68.24619329059158,65.9747138459021,67.31673591637701,255598800
2020-03-12,60.24021911621094,65.52334303397203,60.184403971944676,62.11127620771815,418474000
2020-03-13,67.45748901367188,67.93071607578169,61.38565875889742,64.28325061879912,370732000
2020-03-16,58.77928161621094,62.87327141626091,58.242959402399286,58.716182706946256,322423600
2020-03-17,61.363826751708984,62.5165485741774,57.854685943845006,60.06549231026202,324056000
2020-03-18,59.861629486083984,60.6697510139483,57.54404425675361,58.187145839294104,300233600
2020-03-19,59.4029655456543,61.35895770048267,58.87635255804571,60.036357886139776,271857200
2020-03-20,55.63174057006836,61.11385881136198,55.330817248448476,59.98539913252844,401693200
2020-03-23,54.449893951416016,55.45215955190559,51.595989830091725,55.350234801464175,336752800
2020-03-24,59.91259765625,60.10916707001685,56.85969513959366,57.359613328429845,287531200
2020-03-25,59.58256149291992,62.671864767772384,59.286492755183524,60.8517718897151,303602000
2020-03-26,62.71797561645508,62.77621621978865,59.786412185369784,59.825241722917845,252087200
2020-03-27,60.12130355834961,62.09428153233142,59.95385443702902,61.33712415208677,204216800
2020-03-30,61.83704376220703,62.0093475048291,60.52414930589501,60.849342024154396,167976400
2020-03-31,61.710845947265625,63.70081315714961,61.15511262455559,62.02875857181586,197002000
2020-04-01,58.463809967041016,60.3591327272743,58.031841560613465,59.82038494793416,176218400
2020-04-02,59.43937301635742,59.49276269917482,57.49066070248686,58.32547715782636,165934000
2020-04-03,58.58513641357422,59.626227661114996,57.992999079947744,58.92246006471552,129880000
2020-04-06,63.69596481323242,63.851275540137046,60.51929722354272,60.88816668017039,201820400
2020-04-07,62.958213806152344,65.93588999958892,62.85386360925453,65.7174729657415,202887200
2020-04-08,64.56962585449219,64.88510570226441,63.39505997306274,63.76150035495677,168895200
2020-04-09,65.03556060791016,65.54033721316215,64.2371518120858,65.20786807728709,161834800
2020-04-13,66.31205749511719,66.42126604167221,64.51137549316124,65.1132222675946,131022800
2020-04-14,69.66101837158203,69.95223619410436,67.47690692059525,67.9501340306998,194994800
2020-04-15,69.02518463134766,69.48627323972364,68.10300741459568,68.5325465687292,131154400
2020-04-16,69.57365417480469,69.94010189303526,68.52042803590564,69.74110330393147,157125200
2020-04-17,68.6296157836914,69.636739522461,67.18810198275611,69.08828263215949,215250000
2020-04-20,67.2051010131836,68.35782638874939,67.18568994969831,67.45263835997193,130015200
2020-04-21,65.12776184082031,67.28275253901889,64.41428499057956,67.04735361351801,180991600
2020-04-22,67.00369262695312,67.44051199003249,66.0572457362962,66.39941670732112,116862400
2020-04-23,66.74402618408203,68.37482987612435,66.70519664308368,66.94787571984011,124814400
2020-04-24,68.67089080810547,68.6806000437413,67.22209658899173,67.27063536119402,126161200
2020-04-27,68.71942138671875,69.05189045933044,67.93799464568525,68.38694490813113,117087600
2020-04-28,67.60552978515625,69.36495298340253,67.51331796268283,69.18294368703222,112004800
2020-04-29,69.82604217529297,70.29684010085327,68.89415555935265,69.0980050622793,137280800
2020-04-30,71.29911041259766,71.47626880633216,69.97651387628747,70.3672236384152,183064000
2020-05-01,70.15122985839844,72.56103087905444,69.36980307576957,69.46687320779041,240616800
2020-05-04,71.14378356933594,71.27240315582554,69.48385993378157,70.17549663342325,133568000
2020-05-05,72.2115707397461,73.04638718577591,71.45926427424553,71.60487317175793,147751200
2020-05-06,72.95659637451172,73.58998507405805,72.52947892116252,72.91533768168664,142333600
2020-05-07,73.7113265991211,74.05836324243135,73.28178737986006,73.58513616899319,115215200
2020-05-08,75.46577453613281,75.51930873875061,74.04469357012428,74.37319856682336,133838400
2020-05-11,76.65325927734375,77.14965926401848,74.7625342106639,74.97180698726206,145946400
2020-05-12,75.77725219726562,77.79207364909227,75.65558421726155,77.33946490194451,162301200
2020-05-13,74.86228942871094,76.88198188882791,73.78187742017185,75.95730099741765,200622400
2020-05-14,75.32221221923828,75.38304620688119,73.37308887883164,74.09823268490378,158929200
2020-05-15,74.87690734863281,74.92314177584109,73.05188761996168,73.08595821938853,166348400
2020-05-18,76.6410903930664,77.01582984347145,75.51201542213853,76.20552437986748,135178400
2020-05-19,76.19823455810547,77.50737593072427,76.16659969162133,76.65813571214994,101729600
2020-05-20,77.68013000488281,77.75069207639052,77.02068430144911,77.05961894056877,111504800
2020-05-21,77.10099792480469,78.08407725078851,76.86252601832638,77.54143540411926,102688800
2020-05-22,77.5973892211914,77.6801225366079,76.73597805029135,76.83817497038486,81803200
2020-05-26,77.07182312011719,78.89927164777251,77.01585316009111,78.71920536268395,125522000
2020-05-27,77.40758514404297,77.5535881797336,76.18604151167783,76.9282205155957,112945200
2020-05-28,77.44165802001953,78.70457206303743,76.80411908559893,77.0815181781685,133560800
2020-05-29,77.36621856689453,78.1473247460618,77.00851448794498,77.68498800975172,153532400
2020-06-01,78.31768035888672,78.43934833911615,77.18859793786604,77.32000143580059,80791200
2020-06-02,78.6802749633789,78.70461005279483,77.60716212656895,78.05003550544798,87642800
2020-06-03,79.11338806152344,79.37619506332315,78.4271788552984,79.00145559647322,104491200
2020-06-04,78.43204498291016,79.23505064541881,78.05730554159499,78.93575218035002,87560400
2020-06-05,80.66586303710938,80.72669702130025,78.65347751344345,78.68267663769132,137250400
2020-06-08,81.14281463623047,81.17688523826865,79.64873556537788,80.36170821177842,95654400
2020-06-09,83.70512390136719,84.09932691847067,80.78996422247816,80.82159908143493,147712400
2020-06-10,85.85863494873047,86.32827143644016,84.21611768334387,84.65655505227689,166651600
2020-06-11,81.73654174804688,85.42551553412683,81.63434481058569,84.99967763398335,201662400
2020-06-12,82.44221496582031,84.63223846471662,81.32773960827684,83.88276702365586,200146000
2020-06-15,83.46180725097656,84.11638164574502,80.92867875199258,81.09171712965171,138808800
2020-06-16,85.67371368408203,85.94625617218522,83.88276474697345,85.52284659086101,165428800
2020-06-17,85.55448150634766,86.48159083556952,85.43281353741015,86.42075685110076,114406400
2020-06-18,85.58856964111328,86.00710783706685,84.9777939355582,85.51070034279051,96820400
2020-06-19,85.09944152832031,86.76385839432308,83.98739454869698,86.2966575684398,264476000
2020-06-22,87.32597351074219,87.46954083393744,85.4474196297417,85.4936540555532,135445200
2020-06-23,89.1899185180664,90.61343520003089,88.15330507538052,88.5742789095001,212155600
2020-06-24,87.61553192138672,89.73985720448684,87.24079252033772,88.81761197618738,192623200
2020-06-25,88.7786865234375,88.81762116630449,87.00963685193202,87.77127955859044,137522400
2020-06-26,86.05089569091797,88.8954936232834,85.90245689556569,88.67405701121628,205256800
2020-06-29,88.03408813476562,88.12899272885664,85.47906041478672,85.95843257929042,130646000
2020-06-30,88.76895141601562,89.0560934802323,87.60094182870904,87.62040543722048,140223200
2020-07-01,88.60104370117188,89.39188548967921,88.55238096980085,88.84681537177396,110737200
2020-07-02,88.60104370117188,90.14866410882917,88.48668294073944,89.51112514748854,114041600
2020-07-06,90.9711685180664,91.44080523354239,90.002688528151,90.03432339750881,118655600
2020-07-07,90.68887329101562,92.13185365235528,90.57694083639849,91.35074735374833,112424400
2020-07-08,92.801025390625,92.83266025069595,91.58190996618218,91.66951476530353,117092000
2020-07-09,93.20010375976562,93.75003795219516,92.14889068283713,93.6965037466287,125642800
2020-07-10,93.36314392089844,93.42154960385396,92.18053466189855,92.79373863774762,90257200
2020-07-13,92.93243408203125,97.29058186234049,92.71829725665447,94.67228464918172,191649200
2020-07-14,94.47029876708984,94.66252878061455,91.37506583395142,92.31190310453103,170989200
2020-07-15,95.12002563476562,96.60194074558854,93.91794539378512,96.35130500289155,153198000
2020-07-16,93.9495849609375,94.80856064892015,93.34854481035306,93.98851960775556,110577600
2020-07-17,93.75977325439453,94.55791486444917,93.2852651867788,94.40218371971898,92186800
2020-07-20,95.73567199707031,95.87437528671072,93.50184950233145,93.8473898583791,90318000
2020-07-21,94.41435241699219,96.60437605553066,94.16371667540041,96.52894250206293,103433200
2020-07-22,94.67958068847656,95.36335409074172,94.02744214680403,94.11503952134649,89001600
2020-07-23,90.37010955810547,94.48978555792418,89.55736834691913,94.41191626887031,197004400
2020-07-24,90.146240234375,90.49178057488463,86.76873582504383,88.56212813927338,185438800
2020-07-27,92.28274536132812,92.3752142325961,90.98820344165351,91.21206841059377,121214000
2020-07-28,90.7667465209961,92.02966071554671,90.7618750492638,91.85202279586937,103625600
2020-07-29,92.506591796875,92.69152948751328,91.21447855018052,91.25097745595819,90329200
2020-07-30,93.62593841552734,93.73057108721883,91.26801256876887,91.67681516469625,158130000
2020-07-31,103.42749786376953,103.57836494067831,98.13737010008327,100.14246305977338,374336800
2020-08-03,106.03363800048828,108.66166323525441,105.01649553295304,105.31579399255398,308151200
2020-08-04,106.74174499511719,107.83675673192468,105.49829447245462,106.22343825153119,173071600
2020-08-05,107.12867736816406,107.44988268050896,105.99473068138931,106.46193908352969,121776800
2020-08-06,110.86629486083984,111.36270230609243,106.8707224953162,107.46202710488257,202428800
2020-08-07,108.34566497802734,110.84435557432207,107.54608428478957,110.38605796245164,198045600
2020-08-10,109.92044830322266,110.94186486752692,107.26086549559103,109.79612082851325,212403600
2020-08-11,106.65144348144531,109.68156156449871,106.39060273707126,109.18182634795137,187902400
2020-08-12,110.19590759277344,110.45430815645663,107.55095084699191,107.74596761374468,165598000
2020-08-13,112.14611053466797,113.15290119524892,111.09056196029391,111.58055146808589,210082000
2020-08-14,112.04615020751953,112.13634564305688,110.23002598166595,111.97058065669567,165565200
2020-08-17,111.75364685058594,113.19679651470848,111.1247113252436,113.17241755400838,119561600
2020-08-18,112.68486022949219,113.11146597400622,111.1685812285572,111.50499152025161,105633600
2020-08-19,112.82624053955078,114.24501107161466,112.73117227554131,113.09439419603572,145538000
2020-08-20,115.32980346679688,115.4443778648386,112.85061167913358,112.86767769232154,126907200
2020-08-21,121.27304077148438,121.7581500452213,116.28053222340992,116.29271798267843,338054800
2020-08-24,122.72348022460938,125.57808696417352,120.85129254611644,125.49275690245359,345937600
2020-08-25,121.71670532226562,122.0628686712799,119.98834358364527,121.59238528346616,211495600
2020-08-26,123.3719253540039,123.83022293693548,121.9677808342838,123.03795523691794,163022400
2020-08-27,121.89710235595703,124.31047038391692,120.74891816931488,123.97650023718222,155552400
2020-08-28,121.69964599609375,123.2939271755795,121.4753699990524,122.87463439456488,187630000
2020-08-31,125.82672119140625,127.73792106083117,122.86242789057044,124.40308551783176,225702700
2020-09-01,130.83872985839844,131.44330113966103,127.279625733532,129.45409155934158,151948100
2020-09-02,128.1279754638672,134.54412730802744,123.837546725689,134.16383937386541,200119000
2020-09-03,117.86994171142578,125.63172736189051,117.49940684107021,123.74979379664647,257599600
2020-09-04,117.94794464111328,120.6197131497007,108.1287004650969,117.08010734336685,332607200
2020-09-08,110.0106430053711,116.02700063472479,109.87412977263537,111.11250193799896,231366600
2020-09-09,114.39859008789062,116.17326959342994,112.38988895508609,114.34008654092767,176940500
2020-09-10,110.66395568847656,117.49940004817361,109.69861000348159,117.36288681754456,182274400
2020-09-11,109.2110595703125,112.36063179376235,107.2608620779855,111.71706305037618,180860300
2020-09-14,112.48738861083984,113.04319458206483,109.99113827543115,111.86332602698766,140150100
2020-09-15,112.66291046142578,115.87098624147585,110.78096957645455,115.38343686650313,184642000
2020-09-16,109.33781433105469,113.11144897058965,109.25005901915075,112.36062624645403,154679000
2020-09-17,107.59239959716797,109.40608398688913,106.00299120807408,106.98784309353663,178011000
2020-09-18,104.1795654296875,108.11896597388156,103.44824123696516,107.65092265661133,287104900
2020-09-21,107.33885192871094,107.44611336612185,100.5326606648184,101.9368049804436,195713800
2020-09-22,109.02579498291016,110.0496517037046,106.44178910174857,109.87413362126594,183055400
2020-09-23,104.45257568359375,109.31831612573531,104.11128518620949,108.84051984457511,150718700
2020-09-24,105.52519989013672,107.50464938695539,102.38538036852894,102.55114538938055,167743300
2020-09-25,109.48409271240234,109.64011209223098,104.98888662302512,105.72996379838419,149981400
2020-09-28,112.09735107421875,112.44838721832883,109.97163550795793,112.1461089873391,137672400
2020-09-29,111.2490005493164,112.43862208344467,110.74195252856961,111.69755247153874,99382200
2020-09-30,112.92618560791016,114.34008328098176,110.79072437109879,110.95648937570999,142675200
2020-10-01,113.88177490234375,114.78861696573017,112.9456810690759,114.71060728643806,116120400
2020-10-02,110.20565032958984,112.49713819553232,109.4255758436502,110.07889017847046,144712000
2020-10-05,113.59900665283203,113.74527295614752,110.72246825841832,111.07350441061017,106243800
2020-10-06,110.3421630859375,113.22845409992826,109.45481977342668,112.81890702677832,161498200
2020-10-07,112.21437072753906,112.6726683499166,111.28802241183179,111.76582617611366,96849000
2020-10-08,112.10710144042969,113.50149291272723,111.73655916424462,113.35522661630749,83477200
2020-10-09,114.05729675292969,114.08654852378359,112.05834143123505,112.4093775603074,100506900
2020-10-12,121.30228424072266,122.06286006446172,116.30977603444282,117.07035185818188,240226800
2020-10-13,118.0844497680664,122.26762403724531,116.67055964456534,122.15060951635888,262330500
2020-10-14,118.17221069335938,119.96638868276364,116.64130607261743,117.98693956467062,150712000
2020-10-15,117.70417022705078,118.18196653560398,115.20791978630072,115.76372578098064,112559200
2020-10-16,116.05625915527344,118.52326543752153,115.85148929426413,118.25998458807123,115393800
2020-10-19,113.09194946289062,117.42138259241214,112.7799181793268,116.97283808725243,120639300
2020-10-20,114.58386993408203,116.01726645875162,112.75067930305906,113.3064853596234,124423700
2020-10-21,113.95979309082031,115.75397121203213,113.55024596366279,113.76476887802791,89946000
2020-10-22,112.8676986694336,115.1006760628372,111.73658036454893,114.52536383827295,101988000
2020-10-23,112.17536926269531,113.64777056546903,111.43429207568546,113.49175118318755,82572600
2020-10-26,112.18510437011719,113.647752367436,110.06913461337588,111.17100086591333,111850700
2020-10-27,113.69651794433594,114.35958542213467,111.68781680839272,112.61415768734956,92276800
2020-10-28,108.43098449707031,112.55565572913613,108.33347610413212,112.1851208602056,143937800
2020-10-29,112.4483871459961,114.01829672297495,109.40607637880336,109.57184881965813,146129200
2020-10-30,106.14925384521484,109.20131035012999,105.03764183054732,108.29446818664717,190272600
2020-11-02,106.06149291992188,107.92393519387548,104.64760263945637,106.39303037953306,122866900
2020-11-03,107.68988800048828,108.71373703105417,106.02247034549957,106.92931230937887,107624400
2020-11-04,112.08761596679688,112.71167866980154,109.55236030591362,111.29778823567845,138235500
2020-11-05,116.0660171508789,116.64132935190631,113.95980746298537,115.01290858722514,126387100
2020-11-06,115.93414306640625,116.43229602708031,113.43357855709559,115.57273140177695,114457900
2020-11-09,113.61917114257812,119.1575178931427,113.35544353875275,117.70211621905518,154515300
2020-11-10,113.27729797363281,114.85967848302198,111.48001699164712,112.86705172692065,138023400
2020-11-11,116.71556854248047,116.85231729677409,113.73639073565728,114.46897654176517,112295000
2020-11-12,116.44207763671875,117.7314284304911,115.81693830957146,116.84256147717956,103162300
2020-11-13,116.49091339111328,116.89138975772552,115.13318828954677,116.66673428315598,81581900
2020-11-16,117.50675964355469,118.1807334795776,115.40667896087977,116.15879706701332,91183000
2020-11-17,116.61788177490234,117.86816024947451,116.19786565120255,116.77417031034764,74271000
2020-11-18,115.28945922851562,117.03789809748132,115.26015699113172,115.85599399209619,76322100
2020-11-19,115.88529205322266,116.29553826630797,114.09778111474732,114.85966906826211,74113000
2020-11-20,114.615478515625,116.0122756382638,114.56664393716416,115.88529679156849,73604300
2020-11-23,111.2065200805664,114.88898878015578,111.1088434668693,114.45920273719096,127959300
2020-11-24,112.4958724975586,113.16008391412161,109.97577558304761,111.26513373188881,113874200
2020-11-25,113.33589172363281,114.03917519557105,112.49585951573405,112.86704104383878,76499200
2020-11-27,113.88288879394531,114.76199315028312,113.52148460740729,113.86335645369218,46691300
2020-11-30,116.2857894897461,118.1612073576281,114.09779452496895,114.25408307341652,169410200
2020-12-01,119.87055969238281,120.60314540681418,117.2234842051738,118.20026515774896,127728200
2020-12-02,120.22220611572266,120.5054734972761,118.08305336151587,119.1868131981227,89004200
2020-12-03,120.0854721069336,120.90596466265619,119.37241861729504,120.65199948730223,78967600
2020-12-04,119.41148376464844,120.0073208033349,118.69843031675794,119.75335564285018,78260400
2020-12-07,120.87665557861328,121.67761574577153,119.4114839958422,119.47008847443368,86712000
2020-12-08,121.49202728271484,122.07810188882368,120.23197880317792,121.48226483759503,82225500
2020-12-09,118.95240783691406,123.02558346381261,118.1905197285444,121.6385560125628,115089200
2020-12-10,120.37850189208984,120.99387876073847,117.3602518397124,117.70212373771251,81312200
2020-12-11,119.5677719116211,119.90964378868306,117.75095856237984,119.58730425363264,86939800
2020-12-14,118.95240783691406,120.48595395183084,118.71798244639619,119.75336808574482,79184500
2020-12-15,124.91075897216797,124.93029876658031,121.24783000590143,121.4529531337426,157243700
2020-12-16,124.84239959716797,125.38939467047082,123.62142312836772,124.45169308895106,98208600
2020-12-17,125.71171569824219,126.57128777488863,125.06703664075737,125.90706892352664,94359800
2020-12-18,123.7190933227539,126.10244150708998,123.19163065315914,125.96569275411149,192541500
2020-12-21,125.25261688232422,125.33076114676192,120.58360513975681,122.11715093117222,121251600
2020-12-22,128.81787109375,131.2891256020313,126.63963893467688,128.5541360749688,168904800
2020-12-23,127.91926574707031,129.35512032302032,127.743437390027,129.09140014420157,88223700
2020-12-24,128.90579223632812,130.36120131987872,128.0559975194573,128.27089053594116,54930100
2020-12-28,133.5161895751953,134.15109122678413,130.41001842398242,130.87888400818076,124486200
2020-12-29,131.7384490966797,135.56742883965345,131.22075635748268,134.84462043635702,121047300
2020-12-30,130.61517333984375,132.83247066876245,130.30259622541593,132.43198683008825,96452100
2020-12-31,129.6090850830078,131.6114892963398,128.66160623432629,130.9668102005262,99116600
2021-01-04,126.40521240234375,130.50768895985888,123.81674167932394,130.419782261114,143301900
2021-01-05,127.96808624267578,128.68114717522673,125.4479892220974,125.8973150850131,97664900
2021-01-06,123.66046905517578,128.0071488340126,123.44557604986173,124.75446642211676,155088000
2021-01-07,127.88019561767578,128.57371684230972,124.89124746723652,125.37963807755663,109578200
2021-01-08,128.98391723632812,129.55045193110092,127.20616889364516,129.35508383294297,105158200
2021-01-11,125.98521423339844,127.1475860544949,125.51636350795053,126.1903448095608,100384500
2021-01-12,125.80941009521484,126.678744687946,123.91445235489151,125.51637278097465,91951100
2021-01-13,127.85086822509766,128.39786321634224,125.5065997184792,125.77031986493918,88636800
2021-01-14,125.91685485839844,127.95832377513628,125.77032875107238,127.76297053653161,90221800
2021-01-15,124.18793487548828,127.19642212299213,124.05118613262425,125.78985510810772,111598500
2021-01-19,124.86192321777344,125.72149530988855,123.9925886807919,124.81308118444944,90757300
2021-01-20,128.96438598632812,129.41371177555757,125.56519249707169,125.67263899637693,104319500
2021-01-21,133.69203186035156,136.42702207412472,130.48819086563083,130.6933214660753,120150900
2021-01-22,135.84095764160156,136.60284572356557,131.88499112094416,133.11572996769436,114459400
2021-01-25,139.60153198242188,141.72114486140973,133.36966473426315,139.74805806803522,157611700
2021-01-26,139.83596801757812,140.94949773337214,138.08752172506703,140.26575403148016,98390600
2021-01-27,138.76153564453125,140.949530910091,137.1498526175353,140.09972112639457,140843800
2021-01-28,133.90689086914062,138.6931262527624,133.52594691185897,136.28047622181393,142621100
2021-01-29,128.89602661132812,133.56503857337148,127.18665987069943,132.67616429116572,177523800
2021-02-01,131.02540588378906,132.2366197184336,127.88993224067084,130.6444618808397,106239800
2021-02-02,131.85568237304688,133.14502563870852,131.48450079597174,132.57849082798725,83305400
2021-02-03,130.83006286621094,132.61757406703313,130.5077233148007,132.60779671715912,89880900
2021-02-04,134.199951171875,134.2097136169971,131.4649611835476,133.1352633782053,84183100
2021-02-05,133.78416442871094,134.42980673641648,132.90375395585087,134.36133766383486,75693800
2021-02-08,133.93093872070312,133.979853741386,131.98423434096625,133.07008212234413,71297200
2021-02-09,133.0504913330078,134.87981130485002,132.89398418993693,133.6472186633411,76774200
2021-02-10,132.4439697265625,134.00916036761174,131.47550633815231,133.51024820081062,73046600
2021-02-11,132.1896514892578,133.42222921972905,130.85924373219854,132.94288597227373,64280000
2021-02-12,132.4244384765625,132.58096057062542,130.78100126920737,131.4266437121405,60145100
2021-02-16,130.29185485839844,133.05048531230534,129.90054970151292,132.5418109985024,80576300
2021-02-17,127.99300384521484,129.34298072702467,126.65281892309615,128.39408609658847,97918500
2021-02-18,126.88758087158203,127.17126404667864,124.63762475309542,126.38866866719218,96856700
2021-02-19,127.04410552978516,127.86583900131197,125.9973958201727,127.4060647121988,87668800
2021-02-22,123.25833129882812,126.89738798845885,122.86703351631368,125.22458978162501,103916400
2021-02-23,123.12136840820312,123.95287146533934,115.81390958217581,121.0670645425184,158273000
2021-02-24,122.62246704101562,122.82789668702961,119.57036091351185,122.22139224547901,111039900
2021-02-25,118.35733795166016,123.70831567300634,117.91713263038818,121.96704845427313,148199500
2021-02-26,118.62145233154297,122.13333235763007,118.56275282287397,119.92250660347193,164560400
2021-03-01,125.00936889648438,125.14632198530556,120.11816582891734,121.05727592228418,116307900
2021-03-02,122.3974838256836,125.91914898981547,122.28987674743256,125.61589674931776,102260900
2021-03-03,119.40404510498047,122.97462478338886,119.18883097909638,122.09420675176463,112966300
2021-03-04,117.51603698730469,120.91053295934665,116.03889910024034,119.10078939752296,178155000
2021-03-05,118.77798461914062,119.28667396527544,115.01175939727409,118.3475637840084,153766600
2021-03-08,113.82809448242188,118.36713097393849,113.68135687696733,118.29865441984433,154376600
2021-03-09,118.45513153076172,119.40402595357403,116.20518299235434,116.43995860867027,129525800
2021-03-10,117.36932373046875,119.51166581137682,116.85084988465742,119.04211444982889,111943300
2021-03-11,119.30624389648438,120.52904486393365,118.6214783400667,119.8736253365932,103026500
2021-03-12,118.3964614868164,118.5334145770574,116.5671562971472,117.78017258073191,88105100
2021-03-15,121.29206848144531,121.30185297869129,117.79974930309419,118.768213019061,92403800
2021-03-16,122.83768463134766,124.45178328205833,122.00618152746164,122.96485323576835,115227900
2021-03-17,122.04532623291016,123.12138963729532,119.67797778720065,121.35077614950352,111932600
2021-03-18,117.90734100341797,120.4996801450081,117.7019113683554,120.20620497298519,121229700
2021-03-19,117.37908935546875,118.78775822996795,117.0758371529688,117.29105128250436,185549500
2021-03-22,120.70510864257812,121.17466742071305,117.64321821066616,117.71169475504172,111912300
2021-03-23,119.87361145019531,121.53661758792646,119.4823136932633,120.64642246770546,95467100
2021-03-24,117.47691345214844,120.22577469235176,117.45735192347425,120.14751365088765,88530500
2021-03-25,117.96603393554688,119.0127585740185,116.41063491697949,116.93888575254493,98844700
2021-03-26,118.57254791259766,118.83667706674994,116.33237593563868,117.731260359211,94071200
2021-03-29,118.74864959716797,119.91275853237549,118.10301455294324,119.0029942938068,80819200
2021-03-30,117.29104614257812,117.78016642885794,116.2736750515101,117.49647576720966,85671900
2021-03-31,119.49209594726562,120.83228085062457,118.51385530498492,119.00297562612528,118323800
2021-04-01,120.32359313964844,121.47791733984869,119.82468834663912,120.96923551452913,75089100
2021-04-05,123.16049194335938,123.41483658685715,120.3920692786332,121.17466473706477,88651200
2021-04-06,123.46375274658203,124.36373236215869,122.9159403655152,123.74744343345849,80171300
2021-04-07,125.11698913574219,125.1365506661835,122.41704266839598,123.09203115107863,83466700
2021-04-08,127.5234375,127.5527835220837,125.723478487292,126.14411475500228,88844600
2021-04-09,130.10601806640625,130.1451411281215,126.65282945773264,126.97565069226758,106686700
2021-04-12,128.3843231201172,129.95929134574504,127.78759565756825,129.63647010271666,91420000
2021-04-13,131.5049285888672,131.72993476293345,129.05932612376046,129.55823857977686,91266500
2021-04-14,129.1571044921875,132.06248025187,128.79516024880334,132.0037882044852,87222800
2021-04-15,131.5733642578125,132.06248457103857,130.73207672199297,130.90816779667338,89347100
2021-04-16,131.2407684326172,131.73966578761528,130.37991188899602,131.37772152575985,84922400
2021-04-19,131.90597534179688,132.5222717730815,130.4386142591335,130.60491339062307,94264200
2021-04-20,130.21359252929688,132.58093272949054,128.94187690393258,132.08203545204475,94812300
2021-04-21,130.5951385498047,130.83969873435487,128.44301191111677,129.47994470532655,68847100
2021-04-22,129.06907653808594,131.2309800623084,128.55061017652483,130.1451323202757,84566500
2021-04-23,131.39730834960938,132.17988902990155,129.28430468857326,129.28430468857326,78657500
2021-04-26,131.78863525390625,132.12123362798528,130.6538720551702,131.89624236631698,66905100
2021-04-27,131.46575927734375,132.46356891164857,131.1918530917334,132.07226369879982,66015800
2021-04-28,130.67337036132812,132.08203909742446,130.18425010167056,131.38748176093378,107760100
2021-04-29,130.57554626464844,134.08744123271336,129.56795967816743,133.5004909237802,151101000
2021-04-30,128.5995330810547,130.65382966034915,128.21801979298792,128.91256235309382,109839500
2021-05-03,129.65603637695312,131.1527586179982,128.96149372877142,129.16691594936623,75135100
2021-05-04,125.06806182861328,128.6288645532719,123.94308362244821,128.33538938179106,137564700
2021-05-05,125.31262969970703,127.61148620627858,125.18545364222994,126.38868542828287,84000900
2021-05-06,126.91694641113281,126.9267234439276,124.36373027215305,125.10719525066649,78128300
2021-05-07,127.59309387207031,128.62197939641553,126.87775437814886,128.2202307892884,78973300
2021-05-10,124.30059051513672,126.9365223057384,124.26139353065895,126.80914518929129,88071200
2021-05-11,123.37948608398438,123.73224398798311,120.3025863854562,121.01791826059262,126142800
2021-05-12,120.30260467529297,122.13502470718254,119.79305875777395,120.91994792228226,112172300
2021-05-13,122.4583969116211,123.61468197456075,121.7626671457256,122.07623559621457,105861300
2021-05-14,124.8885269165039,125.31968625791376,123.32068496055011,123.71264731855359,81918000
2021-05-17,123.73225402832031,124.37899310292869,122.65436304670058,124.27120325716062,74244600
2021-05-18,122.34078979492188,124.43777993260704,122.27219693905593,124.01642168198467,63342900
2021-05-19,122.18402862548828,122.40940198347324,120.39080549827442,120.68477919902028,92612000
2021-05-20,124.75135803222656,125.15312155926449,122.585774870456,122.71316695271737,76857100
2021-05-21,122.9091567993164,125.4275056368896,122.6935770778331,125.25112290804525,79295400
2021-05-24,124.54557800292969,125.36869980376578,123.40889524832689,123.4774881087248,63092900
2021-05-25,124.34960174560547,125.74106867528869,123.78125662475325,125.25111005560896,72009500
2021-05-26,124.30059051513672,124.82973859149602,123.87923227707617,124.40838035343548,56575900
2021-05-27,122.76214599609375,125.07471577819632,122.5661685471944,123.89883613267928,94625600
2021-05-28,122.10563659667969,123.27172282529529,122.04684484601398,123.0463419876403,71311100
2021-06-01,121.78225708007812,122.83075224575715,121.449093885405,122.56618191328505,67637100
2021-06-02,122.54656982421875,122.72295252370081,121.55687396007116,121.78224728515005,59278900
2021-06-03,121.05712890625,122.34079850429373,120.65536538181918,122.17421691048338,76229200
2021-06-04,123.35989379882812,123.62447159323195,121.36089230936066,121.57647200078277,75169300
2021-06-07,123.36968994140625,123.7812470760429,122.32119487398776,123.63426024908394,71057600
2021-06-08,124.19281005859375,125.8782506142176,123.67346305813653,124.05562434058848,74403800
2021-06-09,124.5749740600586,125.1825161645287,123.97723307167732,124.6533680366472,56877900
2021-06-10,123.57547760009766,125.61367614452429,123.40889600611712,124.4671847907461,71186400
2021-06-11,124.7905502319336,124.87874532211927,123.56567241757213,123.98703068475491,53522400
2021-06-14,127.857666015625,127.91645776960735,124.51620258719356,125.25112941622227,96906500
2021-06-15,127.0345458984375,127.97525877663664,126.78957029967069,127.32851960738247,62746300
2021-06-16,127.53427124023438,128.25940428449337,125.87824900552074,127.74985093036214,91815000
2021-06-17,129.1413116455078,129.88604692888487,127.04432141727578,127.19131572684212,96721700
2021-06-18,127.83808135986328,128.86696697995066,127.62250162274736,128.08305697457453,108953300
2021-06-21,129.64105224609375,129.7488420763639,126.61315831230449,127.68124802454167,79663300
2021-06-22,131.2872772216797,131.38527341107215,128.9747077019385,129.4744673348731,74783600
2021-06-23,131.01295471191406,131.62050439899582,130.55239936376128,131.08155506050588,60214200
2021-06-24,130.728759765625,131.93403531891448,130.2583959308748,131.74785150334102,68711000
2021-06-25,130.4347686767578,131.1990911159377,130.1407950573534,130.77774039141622,70783700
2021-06-28,132.0712127685547,132.5317679828533,130.669959847861,130.72875158549564,62111300
2021-06-29,133.59007263183594,133.7468605769358,131.64987040561977,132.09082341810688,64556100
2021-06-30,134.20741271972656,134.64836572202546,133.1393079515186,133.4332816037582,63261400
2021-07-01,134.51124572753906,134.57003749628583,133.031583104146,133.85471272298605,52485800
2021-07-02,137.1471405029297,137.18633001828633,134.98154971442102,135.1285290871627,78852600
2021-07-06,139.16574096679688,140.2730204949,137.25493430561346,137.25493430561346,108181800
2021-07-07,141.66445922851562,141.97802013748654,139.7928425569442,140.65514627070422,104911600
2021-07-08,140.3612060546875,141.16471813821977,137.84285005243268,138.73456470357425,105575500
2021-07-09,142.19363403320312,142.72277473602026,139.78306761517845,139.8810638333893,99890800
2021-07-12,141.59588623046875,143.37931564236285,141.10593506704151,143.27152578832394,76299700
2021-07-13,142.71295166015625,144.49638078931636,140.7433536781911,141.1353085659456,100827100
2021-07-14,146.1523895263672,146.56396155860705,144.71193226988518,145.12350430212504,127050800
2021-07-15,145.49588012695312,146.98533571546386,144.13381661407468,146.24061539726927,106820300
2021-07-16,143.44790649414062,146.75017267674576,142.94816167117358,145.47631156501131,93251400
2021-07-19,139.58706665039062,141.17451839605775,138.82274412371135,140.8609425122298,121434600
2021-07-20,143.21267700195312,144.14359590058712,140.08680205769483,140.5767530771365,96350000
2021-07-21,142.47779846191406,143.19313795676365,141.7232844033651,142.6051905545548,74993500
2021-07-22,143.8496856689453,145.22154314688225,142.87957684032378,143.00696894617687,77338200
2021-07-23,145.57431030273438,145.73109828833122,143.9672708306799,144.58461417888918,71447400
2021-07-26,145.9956512451172,146.81876560092866,144.731568886007,145.29012038238656,72434100
2021-07-27,143.82028198242188,146.2112462731185,142.62479983707357,146.1230436919417,104818600
2021-07-28,142.06625366210938,144.01626492926474,139.67528928086858,141.89967203910487,118931200
2021-07-29,142.71295166015625,143.60466622473632,141.6742577506984,141.78204758764898,56699500
2021-07-30,142.9285430908203,143.38909834548167,141.21371414962817,141.4782919442919,70440600
2021-08-02,142.59535217285156,143.99660494374785,142.33077442965924,143.41846631598443,62880000
2021-08-03,144.3983917236328,145.0647180561516,142.2621971091317,142.87954029235215,64786600
2021-08-04,143.99661254882812,144.8197267354332,143.34007992721791,144.31018840207938,56368300
2021-08-05,144.10443115234375,144.86875375710454,143.2323186955207,144.0260371733782,46397700
2021-08-06,143.41749572753906,144.3694263865435,142.91700212338765,143.62359013779354,54126800
2021-08-09,143.36837768554688,143.9670141431112,142.80900442411368,143.47632901312474,48908700
2021-08-10,142.8875274658203,144.95821948179562,142.59311336897338,143.7118749573733,69023100
2021-08-11,143.14268493652344,143.98666406649497,142.81883091257257,143.32914770557306,48493500
2021-08-12,146.11624145507812,146.27326431640063,143.12305867466128,143.46654431198874,72282600
2021-08-13,146.3223419189453,146.6560042822418,145.5078026382922,146.19475896699817,59375000
2021-08-16,148.30470275878906,148.37340588044512,143.74133599773583,145.77276511297995,103296000
2021-08-17,147.39202880859375,148.85426118078644,146.31251533457103,147.4312770374107,92229700
2021-08-18,143.6333770751953,147.91215275914686,143.4272826956147,147.00929375834372,86326000
2021-08-19,143.967041015625,145.24282558662867,141.80802903559353,142.3281541725026,86960300
2021-08-20,145.42929077148438,145.7335132179683,144.04555482987226,144.6932629269492,60549600
2021-08-23,146.92095947265625,147.39201304068925,145.13485827480818,145.54703201865243,60131800
2021-08-24,146.83262634277344,148.0495309623608,146.37138108229806,146.6657951809347,48606400
2021-08-25,145.59609985351562,147.519592250737,145.04653487560168,147.0190838087262,58991300
2021-08-26,144.79135131835938,146.3419180163002,144.76191141060588,145.58627375126608,48597200
2021-08-27,145.8316650390625,145.97886462702738,144.0946350284485,144.73251987566385,55802400
2021-08-30,150.26742553710938,150.63054275493232,145.841450580605,146.22418442407636,90956700
2021-08-31,149.00146484375,149.9533952991406,148.47151645903594,149.8160040465339,86453100
2021-09-01,149.66880798339844,152.0927942907588,149.50197679710354,149.98285372785378,80313700
2021-09-02,150.78756713867188,151.83764073221985,149.56085404781211,151.0034698406252,71115500
2021-09-03,151.42544555664062,151.749299563858,150.23798086351027,150.89549719045843,57808700
2021-09-07,153.77090454101562,154.33027778829793,151.51375000527457,152.08294653860207,82278300
2021-09-08,152.22035217285156,154.1143897180931,151.11139891038036,154.0555098943376,74420200
2021-09-09,151.19973754882812,153.20172648114232,151.08196292373444,152.59328165383056,57305700
2021-09-10,146.1947479248047,152.58346376101343,145.92977372713005,152.11241016755477,140893200
2021-09-13,146.763916015625,148.59907349291072,145.97881686280323,147.82379762575624,102404300
2021-09-14,145.3605499267578,148.25560401020851,144.17310036481527,147.5490162648704,109296300
2021-09-15,146.25364685058594,146.6560123561671,143.64319768326396,145.79240150994914,83281300
2021-09-16,146.01808166503906,146.19473610738382,144.4773380668959,145.674611041655,68034100
2021-09-17,143.33895874023438,146.04755063760766,143.04454462427765,146.04755063760766,129868800
2021-09-20,140.277099609375,142.14169754222866,138.63821269534515,141.12107882598275,123478900
2021-09-21,140.75796508789062,141.9061817623882,140.1200802460814,141.24865034298253,75834000
2021-09-22,143.13290405273438,143.7020858074547,141.02294833620297,141.75897626590603,76404300
2021-09-23,144.09461975097656,144.33996235458966,142.92678656185444,143.9179652896226,64838200
2021-09-24,144.1829376220703,144.7226943379148,142.8482732767658,142.94641630674622,53477900
2021-09-27,142.6618194580078,143.24083941199348,141.14070721951342,142.75996249414771,74150700
2021-09-28,139.2662811279297,142.05336955149633,139.05037843565805,140.58131390847566,108972300
2021-09-29,140.16909790039062,141.75891272408433,139.38399879904713,139.81580405351204,74602000
2021-09-30,138.86392211914062,141.69027387708846,138.64801941682376,140.9836859376015,89056700
2021-10-01,139.99249267578125,140.25746689766834,136.51844777297612,139.2564648173922,94639600
2021-10-04,136.54786682128906,139.56068091563057,135.69407942788672,139.11905228846942,98322000
2021-10-05,138.48117065429688,139.59012394137855,136.76377254220841,136.89135547952526,80861100
2021-10-06,139.35458374023438,139.50178329662984,135.79220473023892,136.87171805888073,83221100
2021-10-07,140.62059020996094,141.53327267759198,140.06121674069388,140.39487915917087,61732700
2021-10-08,140.23780822753906,141.49396099877396,139.9041459233565,141.3467614453176,58773200
2021-10-11,140.14952087402344,142.11226190434272,139.16815035886378,139.61958738462852,64452200
2021-10-12,138.8737030029297,140.58129268183015,138.41245777313225,140.56166108335393,73035900
2021-10-13,138.284912109375,138.7657740406363,136.60676207042818,138.6087661510849,78762700
2021-10-14,141.08180236816406,141.19957699805144,138.87371898295444,139.46254720881987,69907100
2021-10-15,142.14169311523438,142.20057294661328,140.83646861307787,141.09163451508613,67940300
2021-10-18,143.8198699951172,144.10446089134766,140.49302413124795,140.77761502747842,85589200
2021-10-19,145.9886474609375,146.39101289718135,143.81982737932438,144.2712493533105,76378900
2021-10-20,146.47933959960938,146.96021648343887,145.36057794956784,145.92977457496073,58418800
2021-10-21,146.6952667236328,146.85228960669923,145.1152595272771,146.03775024713434,61421000
2021-10-22,145.91995239257812,147.3821845567822,145.8708808826435,146.9013226931811,58883400
2021-10-25,145.87091064453125,146.5873069172707,144.86990854081654,145.91015887577328,50720600
2021-10-26,146.53823852539062,148.02991078440542,146.23400111612685,146.54804683877686,60893400
2021-10-27,146.07699584960938,146.9405916533393,145.72370189255298,146.57748938272076,56094900
2021-10-28,149.72767639160156,150.31648959684864,146.93076499947935,147.0289080209485,100077900
2021-10-29,147.00924682617188,147.14663804385583,143.68240272162797,144.47731012212222,124953200
2021-11-01,146.1849365234375,146.911141011652,145.04654330331536,146.21437643649898,74588300
2021-11-02,147.22520446777344,148.7463317156188,145.8807167195942,145.89054000814804,69122000
2021-11-03,148.6678009033203,149.1388544822275,147.0289142026338,147.58828751986294,54511500
2021-11-04,148.147705078125,149.59030601260565,147.83365931379845,148.7561500283499,60394600
2021-11-05,148.6783905029297,149.5825671827827,147.47937001529485,149.2779007467471,65463900
2021-11-08,147.8528289794922,148.96340074214248,147.5776454448072,148.80614872335738,55020900
2021-11-09,148.2164306640625,148.82576336604717,147.47932884854885,147.61692058758973,56787900
2021-11-10,145.37615966796875,147.54816002545584,145.3073712836708,147.44005113894966,65187100
2021-11-11,145.3270263671875,146.86019613669237,145.14029146001317,146.39829267733833,41000000
2021-11-12,147.4105987548828,147.81353650941713,144.94375410603553,145.8774137755265,63804000
2021-11-15,147.42042541503906,149.26809954574952,146.86022060019894,147.7840576655542,59222800
2021-11-16,148.4031982421875,148.8847769331927,146.77174226503004,147.3614298460006,59256200
2021-11-17,150.8503875732422,152.33441420975052,148.39338089243975,148.40320352046666,88807000
2021-11-18,155.1550750732422,155.94132032182262,150.4179733193019,151.06662677410932,137827700
2021-11-19,157.78897094726562,158.25088939976666,153.83810003292044,154.93883421945299,117305600
2021-11-22,158.25091552734375,162.85042556306863,158.23125527180156,158.89955399642577,117467900
2021-11-23,158.63418579101562,159.01747824025801,156.32459347097884,158.34916461294523,96041900
2021-11-24,159.1550750732422,159.35163261820963,156.89462581516804,157.9855374355737,69463600
2021-11-26,154.11326599121094,157.69066668554564,153.67100784147934,156.82581063613492,76959800
2021-11-29,157.48428344726562,158.41794285529275,156.05920777586067,156.62923504514734,88748200
2021-11-30,162.45729064941406,162.673508444908,157.1698072809554,157.23861066878493,174048100
2021-12-01,161.93643188476562,167.37133051574247,161.70055379902215,164.59981924468755,152052500
2021-12-02,160.94378662109375,161.3762222672704,155.08629013119497,156.01012719413941,136739200
2021-12-03,159.0568084716797,162.12316353860186,156.9732712438897,161.199326466995,118023100
2021-12-06,162.47695922851562,164.99293189077792,161.4548359617341,161.46465859062198,107497000
2021-12-07,168.23614501953125,168.62927506471814,165.44498918240458,166.17226851871695,120405400
2021-12-08,172.069091796875,172.93396293794615,167.76441134011625,169.16982694435688,116998900
2021-12-09,171.55804443359375,173.7103848403719,170.92905127787418,171.90203139222558,108923700
2021-12-10,176.3639373779297,176.54084965789616,171.68580203438307,172.19686362537885,115402700
2021-12-13,172.71775817871094,178.99786706027314,172.51136300579722,178.00522669948663,153237000
2021-12-14,171.33200073242188,174.68336162152622,169.24846375567876,172.23617743924208,139380400
2021-12-15,176.21652221679688,176.41307975206385,169.34672613583356,172.09857661870694,131063300
2021-12-16,169.29757690429688,178.02486912244925,167.81355032065514,176.19685561719783,150185800
2021-12-17,168.19686889648438,170.48680119696434,166.77180785012712,167.0076709220657,195432700
2021-12-20,166.83074951171875,167.64647750919124,164.58013804602012,165.38602841932968,107499100
2021-12-21,170.01504516601562,170.22142533588615,166.21158850394502,168.60962950115896,91185900
2021-12-22,172.61947631835938,172.83569412545992,169.18948928424598,170.06418314156005,92135300
2021-12-23,173.24844360351562,173.80864829178057,172.25581836202977,172.82584567773912,68356600
2021-12-27,177.2288055419922,177.3172541822936,174.02487426792013,174.04451952373478,74919600
2021-12-28,176.2066650390625,178.21159066688713,175.45974048938143,177.06171346697758,79144300
2021-12-29,176.2951202392578,177.52362338509639,175.0764397198905,176.245977114149,62348900
2021-12-30,175.1354217529297,177.46467413151436,175.0273128661905,176.3835852641225,59773000
2021-12-31,174.51626586914062,176.14770679713808,174.21158446445702,175.02731242664456,64062300
2022-01-03,178.8798828125,179.73493120982582,174.6538439370769,174.77177544165573,104487900
2022-01-04,176.60964965820312,179.79393593953884,176.0396222685355,179.4892694890775,99310400
2022-01-05,171.91184997558594,177.07156425536837,171.6366664137079,176.5211971316123,94537600
2022-01-06,169.04208374023438,172.28533602057317,168.68827412789958,169.73004270966848,96904000
2022-01-07,169.20913696289062,171.14525945761193,168.08874249862777,169.91675609783337,86709100
2022-01-10,169.22882080078125,169.53348727704656,165.27794924612078,166.1723034158152,106765600
2022-01-11,172.069091796875,172.1673630652104,167.88235785704865,169.35656184948618,76138300
2022-01-12,172.51136779785156,174.13298635832638,171.81358623406135,173.09121782891782,74805200
2022-01-13,169.22882080078125,173.58263011635788,168.83569067303486,172.75707934266197,84505800
2022-01-14,170.0936737060547,170.79145523828697,168.14771352583708,168.39341420548664,80440800
2022-01-18,166.87989807128906,169.57276781693594,166.4966056259258,168.56048225619764,90956700
2022-01-19,163.37127685546875,168.13787560571404,163.08627069140266,167.07644696659617,94815000
2022-01-20,161.68084716796875,166.7619347111161,161.35652051674097,164.10837074224375,91420500
2022-01-21,159.6169891357422,163.46957389675498,159.50888023954428,161.59241715203612,122848900
2022-01-24,158.84056091308594,159.50887451917274,152.0395683138979,157.26808565686596,162294600
2022-01-25,157.03221130371094,159.9609590965899,154.31968130054574,156.24596615896806,115798400
2022-01-26,156.94375610351562,161.56292551584528,155.1059199641222,160.6882317654177,108275300
2022-01-27,156.4818572998047,161.02240127110773,155.55802030212934,159.65630602886313,121954600
2022-01-28,167.40078735351562,167.42044760669708,160.00028414870977,162.86024363325143,179935700
2022-01-31,171.7742462158203,171.9904639988434,166.59487204384064,167.23370276509192,115541600
2022-02-01,171.60719299316406,171.83323343223077,169.3467436133565,171.0175053301255,86213900
2022-02-02,172.81602478027344,172.8553452866124,170.34919537896823,171.74477342641566,84914300
2022-02-03,169.9265594482422,173.20913145041823,169.15997463841794,171.47938931840278,89418100
2022-02-04,169.64120483398438,171.32394513354754,167.9584645344212,168.94251932550307,82465400
2022-02-07,168.92286682128906,171.17634592324976,168.22418123926562,170.1037296917855,77251200
2022-02-08,172.04232788085938,172.5540406567285,168.69653205769893,168.9917515443729,74829200
2022-02-09,173.4691925048828,173.83328800439335,172.1111919697569,173.24286408752374,71285000
2022-02-10,169.37550354003906,172.68192819387235,168.8146001247778,171.36329839541398,90865900
2022-02-11,165.9510040283203,170.32020982591467,165.36056513089437,169.5821687118747,98670700
2022-02-14,166.18716430664062,166.87599960086266,163.90415017095245,164.7012320839439,86185500
2022-02-15,170.03485107421875,170.19230347259372,167.53535806583648,168.2438788430367,62527400
2022-02-16,169.79867553710938,170.57607229918491,167.33853829378842,169.1098401120767,61177400
2022-02-17,166.18716430664062,169.16884887808143,165.78369827163797,168.30287592792615,69589300
2022-02-18,164.63238525390625,167.82071347120757,163.54008373100112,167.11220776829634,82772700
2022-02-22,161.69989013671875,164.03209518170536,159.5644780309518,162.3493548856938,91162800
2022-02-23,157.51768493652344,163.50072589040192,157.20278014132612,162.9004517631082,90009200
2022-02-24,160.1450958251953,160.25334246210673,149.5763410580208,150.14709468760051,141147500
2022-02-25,162.2214813232422,162.48716537612205,158.3049314052549,161.22757611084114,91974200
2022-02-28,162.48712158203125,162.78234102115098,159.84001180321536,160.4599711238184,95056600
2022-03-01,160.59774780273438,163.94354328714707,159.3873645469528,162.07383007117033,83474400
2022-03-02,163.9041748046875,164.69142169446647,160.35173616541616,161.7687775639212,79724800
2022-03-03,163.57943725585938,166.21671212228483,162.91028714997404,165.78372557589515,76678400
2022-03-04,160.56822204589844,162.9102773059474,159.51529120397137,161.86718160657645,83737200
2022-03-07,156.75994873046875,162.3887439653584,156.50408484630077,160.75520922600182,96418800
2022-03-08,154.92959594726562,160.28285666328267,153.3157466151268,156.28759642734667,131148300
2022-03-09,160.35171508789062,160.80438687004462,156.86816795403388,158.905153435018,91454900
2022-03-10,155.9923858642578,157.83256370946663,153.49287802702014,157.64559087729302,105342000
2022-03-11,152.26278686523438,156.7402389691296,152.03645847766137,156.39581380133617,96970100
2022-03-14,148.21832275390625,151.66251440478936,147.70662509120922,149.03509000440232,108732100
2022-03-15,152.6170654296875,153.08942257610076,147.98217542358523,148.4938731423045,92964300
2022-03-16,157.0453338623047,157.44880001606288,151.99714192232128,154.54584076886425,102300200
2022-03-17,158.05886840820312,158.43281401642653,155.11655432923627,156.08092377543556,75615400
2022-03-18,161.36532592773438,161.8573534009996,157.21261285213674,157.9506540620346,123511700
2022-03-21,162.74301147460938,163.69754597170976,160.41079104635503,160.90281851844856,95811400
2022-03-22,166.1281280517578,166.71855188517935,162.28047042303692,162.87089425645846,81532000
2022-03-23,167.49595642089844,169.88720212485975,164.9767637860135,165.31135379443643,98062700
2022-03-24,171.29443359375,171.36330962465348,167.4959813021374,168.33241890873853,90131400
2022-03-25,171.9340362548828,172.4851044775775,169.99544731866433,171.1074339208408,80546200
2022-03-28,172.80006408691406,172.92798102644218,169.25746007906415,169.42474762728378,90371900
2022-03-29,176.1064453125,176.15563603779327,173.528211647518,173.87263681747436,100589400
2022-03-30,174.93544006347656,176.74609743731983,173.88249413539714,175.7030016679424,92633200
2022-03-31,171.8258056640625,175.19127120838715,171.6191475535364,175.0042983977884,103049300
2022-04-01,171.53062438964844,172.09154294623926,169.19841884811066,171.2550901913017,78751300
2022-04-04,175.59475708007812,175.64396282770502,171.65853751770197,171.7864694584347,76468400
2022-04-05,172.2686309814453,175.4569739407951,171.638836509714,174.66972709725982,73401800
2022-04-06,169.09014892578125,170.86145068243167,167.4172586616336,169.61169680197753,89058800
2022-04-07,169.3952178955078,170.59576613151657,167.14173867476228,168.43084825224216,77594700
2022-04-08,167.3778839111328,169.0409389910171,166.5020757053073,169.0409389910171,76575500
2022-04-11,163.10707092285156,166.33476922464124,162.8610572412183,166.0198795202021,72246700
2022-04-12,164.9866485595703,167.1614014854587,163.98290835466773,165.34090892509556,79265200
2022-04-13,167.6829376220703,168.3127321148904,164.11082878699807,164.72093797881234,70618900
2022-04-14,162.6544189453125,168.5390777375964,162.4084052337266,167.8994330781819,75329400
2022-04-18,162.4379425048828,163.9435452353402,160.9618602189061,161.30627040967605,69023900
2022-04-19,164.7307891845703,165.14410546856962,161.2964470906838,162.38874866299832,67723800
2022-04-20,164.56349182128906,166.18719136722032,163.45152002793873,166.06909457220715,67929800
2022-04-21,163.7664031982422,168.7949239860417,163.26454063992998,166.21670513338208,87227800
2022-04-22,159.21023559570312,165.1932911869879,158.92486628163977,163.8057851903542,84882400
2022-04-25,160.28285217285156,160.5682214607871,155.9333317168137,158.55090609825874,96046400
2022-04-26,154.2998046875,159.7514619922399,154.22107849702726,159.66290065876512,95623200
2022-04-27,154.073486328125,157.24212936237095,152.90245856859522,153.4240064759593,88063200
2022-04-28,161.0307159423828,161.89668891256514,156.39581154213602,156.71071626419635,130216800
2022-04-29,155.13624572753906,163.54991794930683,154.7426297819827,159.25943807460507,131747600
2022-05-02,155.44129943847656,155.70698341755673,150.8260801242461,154.21123096519486,123055300
2022-05-03,156.9370880126953,158.1474864801479,153.827485608277,155.62829305402306,88966500
2022-05-04,163.37278747558594,163.82544428980776,156.7205671988061,157.12403328379716,108256500
2022-05-05,154.27027893066406,161.46371729012728,152.47929194392455,161.23738888499025,130525300
2022-05-06,154.9995574951172,157.1282427342657,151.9444991405495,153.74796732614354,116124600
2022-05-09,149.85519409179688,153.57053495097873,149.29346666205103,152.68357553487112,131577900
2022-05-10,152.26971435546875,154.46739183893223,150.71262137734965,153.26507972972064,115366700
2022-05-11,144.37583923339844,153.19606667734942,143.69584140711092,151.2743434971103,142689800
2022-05-12,140.4929962158203,144.0802186431024,136.78751850070398,140.69995800707954,182602000
2022-05-13,144.97698974609375,145.9526407258744,141.03498745815705,142.4935240941809,113990900
2022-05-16,143.42974853515625,145.38105052063565,142.08946713795373,143.43961316503615,86643800
2022-05-17,147.07611083984375,147.59842494021692,144.55321674293847,146.7016158103138,78336300
2022-05-18,138.77822875976562,145.22339732349553,137.8715547980024,144.72079733304852,109742900
2022-05-19,135.35853576660156,139.6060416476657,134.6194101946053,137.85185149313176,136095600
2022-05-20,135.59500122070312,138.65990817455904,130.68721326570923,137.073251872964,137426100
2022-05-23,141.03500366210938,141.18282274987226,135.65416330433425,135.79213279876197,117726300
2022-05-24,138.32489013671875,139.91154699464488,135.3388239751479,138.7683624803835,104132700
2022-05-25,138.4825439453125,139.7341188389118,136.33414488879876,136.42283633085628,92482700
2022-05-26,141.69528198242188,142.2471599393567,135.1515582804655,135.3979334424933,90601500
2022-05-27,147.47032165527344,147.50973506608682,143.15382385017716,143.28194375102797,90978500
2022-05-31,146.68191528320312,148.47553371046925,144.71091395436392,146.9085912630533,103718400
2022-06-01,146.55380249023438,149.53986813880326,145.53872302627965,147.72653558588104,74286600
2022-06-02,149.017578125,149.07670576522273,144.7306437582719,145.6865807086683,72348100
2022-06-03,143.27210998535156,145.82455342819665,142.36545106101252,144.770060362495,88570300
2022-06-06,144.0210723876953,146.4158469197131,142.79904610031343,144.89816741340283,71598400
2022-06-07,146.55380249023438,146.83959105092737,142.0106440716535,142.25701922442352,67808200
2022-06-08,145.814697265625,147.69699226544608,145.3219468917094,146.42570291726497,53950200
2022-06-09,140.57179260253906,145.80479792166835,140.46338694458436,144.9474172871913,69473000
2022-06-10,135.14170837402344,138.71906549283727,135.07271611079338,138.2460293933542,91437900
2022-06-13,129.96783447265625,133.23968891028474,129.53421176750797,130.94347052169286,122207100
2022-06-14,130.83506774902344,131.94868835400084,129.57362805380447,131.19971323419813,84784300
2022-06-15,133.4663543701172,135.34866434133303,130.24377786500034,132.3428841585756,91533000
2022-06-16,128.17420959472656,130.47042786825955,127.16899474112004,130.16492507881696,108123900
2022-06-17,129.65245056152344,131.15041561507837,127.92782459091552,128.18406435914898,134520300
2022-06-21,133.8999786376953,135.07272690596213,131.3869638200352,131.48550486996535,81000500
2022-06-22,133.3875274658203,135.76257275465719,131.96840403366457,132.8356344352228,73409200
2022-06-23,136.26516723632812,136.58051959738074,133.6634463480769,134.8361944256016,72433800
2022-06-24,139.60601806640625,139.85239321545572,137.74342254109405,137.87152739306867,89116800
2022-06-27,139.60601806640625,141.40948596195392,138.92602024902237,140.63093206993196,70207900
2022-06-28,135.4472198486328,141.34050987783795,135.32896457557,140.06922057977073,67083400
2022-06-29,137.21124267578125,138.6303659287056,134.6883635761582,135.46691746181185,66242400
2022-06-30,134.73764038085938,136.36371032139607,131.83041667995218,135.25995448479154,98964500
2022-07-01,136.91558837890625,137.02399404422195,133.69301230892643,134.06749230384347,71051600
2022-07-05,139.50746154785156,139.5567395850138,134.9445889899598,135.77242091666662,73353800
2022-07-06,140.8477325439453,142.03033016068872,139.03441519576913,139.30050454673838,74064300
2022-07-07,144.22804260253906,144.42513974752345,141.20254804373226,141.2123976378396,66253700
2022-07-08,144.9080047607422,145.4106197017086,142.89759010951482,143.1538148575739,64547800
2022-07-11,142.76947021484375,144.51381052529135,141.6952781464939,143.5578737194986,63141600
2022-07-12,143.7451171875,146.29756011597522,142.94686411267188,143.64656111311933,77588800
2022-07-13,143.38052368164062,144.32659607398423,140.05937560083458,140.91677156348607,71185600
2022-07-14,146.3173065185547,146.7903426970183,141.1729910854223,141.9909585625348,78140700
2022-07-15,147.99264526367188,148.67264318460957,146.05120759050547,147.6083005741264,76259900
2022-07-18,144.93760681152344,149.37236031781808,144.57296129769512,148.5543928665957,81420900
2022-07-19,148.8105926513672,149.03725358197892,144.7798987508147,145.77524895701922,82982400
2022-07-20,150.82102966308594,151.49117799927419,148.18974443892895,148.92887000877803,64823400
2022-07-21,153.09754943847656,153.31436080918664,149.73698823001865,152.25986777550145,65086600
2022-07-22,151.85577392578125,154.01402250481192,151.18564077957626,153.13692762960554,66675400
2022-07-25,150.7323455810547,152.79203866083077,150.07206184417882,151.77697403156125,53623900
2022-07-26,149.40191650390625,150.87030296581528,148.61351291334188,150.05233555639018,55138700
2022-07-27,154.5166473388672,155.04882613514658,149.95378934695273,150.36769783431046,78620700
2022-07-28,155.06851196289062,155.35430049556004,152.17113804441613,154.70386654701585,81378700
2022-07-29,160.15370178222656,161.25747271207914,157.18735030288008,158.90212681060993,101786900
2022-08-01,159.16822814941406,161.21807160961242,158.55722246790594,158.67547775141105,67829400
2022-08-02,157.68995666503906,160.05516729364513,157.31547663627524,157.77866315380257,59907000
2022-08-03,163.72125244140625,164.17457438761855,158.41925333428367,158.50794479712317,82507500
2022-08-04,163.40585327148438,164.76584892141557,162.04585762155315,163.60295038541236,55474100
2022-08-05,163.1788787841797,163.67231353700947,160.85972942250632,161.0669786444056,56697000
2022-08-08,162.70518493652344,165.60658394853183,162.04398411639912,164.18548932563507,60276900
2022-08-09,162.7545166015625,163.64270818917976,161.1064463388297,161.86634007237882,63135500
2022-08-10,167.01783752441406,167.11651546175995,164.7085509256537,165.4783081057615,70170500
2022-08-11,166.2776641845703,168.74483818248612,165.9816002931334,167.8270416248752,57149200
2022-08-12,169.8402557373047,169.9093287754835,167.17569590306383,167.59019436587388,68039400
2022-08-15,170.91592407226562,171.11329495244684,169.10008788110582,169.2678538821815,54091700
2022-08-16,170.75802612304688,171.4291052045612,169.406019744618,170.51130875130826,56377100
2022-08-17,172.25808715820312,173.83706944158646,170.3040896179902,170.50146052110878,79542000
2022-08-18,171.8633575439453,172.60350984182352,170.8468829262009,171.46861567511843,62290100
2022-08-19,169.2678680419922,171.45871962967124,169.06061881248345,170.75803562921558,70346300
2022-08-22,165.3697509765625,167.62967580149297,164.94538920566245,167.461909771558,69026800
2022-08-23,165.0341796875,166.49475736672866,164.4617935794401,164.88615528818852,54147100
2022-08-24,165.3302459716797,165.90263208814247,164.0670542175665,165.12301180960134,53841500
2022-08-25,167.7974090576172,167.9059652979528,166.13947563259975,166.56382226218187,51218200
2022-08-26,161.4716339111328,168.8040844487855,161.41242413172978,168.33039115512304,78961000
2022-08-29,159.26101684570312,160.76104775775735,157.72150271792214,159.0340260013609,73314000
2022-08-30,156.82347106933594,160.42553952970596,155.64909369131306,160.0011927774789,77906200
2022-08-31,155.15560913085938,158.47149093553722,155.07665777141085,158.20503197970243,87991100
2022-09-01,155.88592529296875,156.3398768664933,152.6391159459931,154.58325022090398,74229900
2022-09-02,153.76414489746094,158.2544044411162,152.93517807481416,157.65241340262483,76957800
2022-09-06,152.50096130371094,155.02734512371137,151.67199443622994,154.41549077748996,73714800
2022-09-07,153.91217041015625,154.61283930679346,151.59302111354978,152.787139807606,87449600
2022-09-08,152.431884765625,154.30693097885487,150.6752430270464,152.60951406525444,84923800
2022-09-09,155.3036651611328,155.74776853082003,152.71807161072002,153.42861893209738,68028800
2022-09-12,161.28408813476562,162.10319169268726,157.20832701154205,157.49451256385936,104956000
2022-09-13,151.8200225830078,158.4320461932663,151.35619264515168,157.80045022276116,122656600
2022-09-14,153.27069091796875,155.03719565521683,151.59301587507773,152.75751459079564,87965400
2022-09-15,150.36932373046875,153.2016498653033,149.39233241450626,152.61938532747467,90481100
2022-09-16,148.7212371826172,149.36271142090462,146.4218293394224,149.22455028716234,162278800
2022-09-19,152.4516143798828,152.530565756339,147.142266074514,147.34950026158054,81474200
2022-09-20,154.83981323242188,156.00432703299086,151.06997970170357,151.38577010052077,107689800
2022-09-21,151.70159912109375,156.6556888275703,151.5831795854477,155.27406232514645,101696800
2022-09-22,150.73448181152344,152.44176215818038,148.9285084725313,150.37920812092767,86652500
2022-09-23,148.45477294921875,149.4811256708757,146.60933178685332,149.20480341314504,96029900
2022-09-26,148.7903289794922,151.750937683408,147.67516154898482,147.69490315670595,93339400
2022-09-27,149.767333984375,152.68847479986027,147.98110231146464,150.734477091982,84442700
2022-09-28,147.87254333496094,148.66204205913598,142.9381951319115,145.70143313730634,146691400
2022-09-29,140.6091766357422,144.79350916804302,138.83280834097133,144.18165483368003,128138200
2022-09-30,136.3853759765625,141.2210460611346,136.18800506786133,139.42493615755308,124925300
2022-10-03,140.57957458496094,141.1914439900878,135.88208060719077,136.39525702678367,114311700
2022-10-04,144.181640625,144.30006014683647,142.36578929238382,143.12568302717952,87830100
2022-10-05,144.4777069091797,145.44484998263232,141.13221948664446,142.17831393701783,79471000
2022-10-06,143.52041625976562,145.60271139252504,143.31318210889143,143.8954314678292,68402200
2022-10-07,138.2505645751953,141.22105183590455,137.61896860646343,140.6683921871329,85925600
2022-10-10,138.5762176513672,140.02691706572585,136.7505180551927,138.5762176513672,74899000
2022-10-11,137.15512084960938,139.49401183769913,136.40510543994947,138.06303899554518,77033700
2022-10-12,136.52352905273438,138.51700974724292,136.3458997629281,137.30316442493086,70433700
2022-10-13,141.11248779296875,141.7046005106399,132.6056617056489,133.21753108987443,113224000
2022-10-14,136.5630340576172,142.62241342006476,136.37552640505737,142.4151641571206,88598000
2022-10-17,140.54006958007812,141.0236259304874,138.4281697458775,139.21766824785834,85250900
2022-10-18,141.86248779296875,144.7737497481639,138.7637182271675,143.57964610972482,99136600
2022-10-19,141.97103881835938,143.04672289831205,139.64202632814627,139.82953393185838,61758300
2022-10-20,141.50723266601562,143.97440668910568,140.77694373414428,141.14209572929755,64522000
2022-10-21,145.33627319335938,145.90865930136042,140.77692593540152,140.99403842665825,86548600
2022-10-24,147.48764038085938,148.25739736853123,144.08294369562876,145.25732078304517,75981900
2022-10-25,150.33970642089844,150.4877458912043,147.39883932372416,148.11924989222194,74732300
2022-10-26,147.38897705078125,149.9943121264643,146.09616525843597,148.9778376688811,88194300
2022-10-27,142.8987274169922,147.09292340264514,142.23752656273683,146.12579536819774,109180200
2022-10-28,153.695068359375,155.4319533375391,145.87906336998515,146.25406355734995,164762400
2022-10-31,151.32659912109375,152.21479090339474,149.92524592690708,151.1489697996957,97943200
2022-11-01,148.67190551757812,153.4088828100258,147.17187450407766,153.04374586124993,80379300
2022-11-02,143.1256866455078,150.1719344831505,143.09608176430027,146.9942133937789,93604600
2022-11-03,137.0564422607422,140.92496892991684,136.92814440584334,140.19468007204958,97918500
2022-11-04,136.78956604003906,141.03025327243037,132.83553912246873,140.45691755937278,140814800
2022-11-07,137.3233184814453,137.55067074863877,134.1106724193432,135.5341241648205,83374600
2022-11-08,137.8966827392578,139.80449340378325,135.90978972981833,138.79622744381308,89908500
2022-11-09,133.31988525390625,136.95759752003397,133.0431046023265,136.90816917152026,74917800
2022-11-10,145.18194580078125,145.18194580078125,137.89665767367404,139.61666442522355,118854000
2022-11-11,147.97946166992188,148.28589635779667,142.71071873245964,144.14406562748653,93979700
2022-11-14,146.5757598876953,148.5527731206919,145.73552323030617,147.25783186642536,73374100
2022-11-15,148.31552124023438,151.8247226304383,146.85253571913623,150.47047343692662,89868300
2022-11-16,147.07986450195312,148.14745325214489,145.59710486281082,147.41596815021776,64218300
2022-11-17,148.98770141601562,149.7389609286564,144.4702194549275,144.74700006923788,80389400
2022-11-18,149.55116271972656,150.94496070019653,148.246341800127,150.5594437144723,74829600
2022-11-21,146.3088836669922,148.64176028052393,146.02222333634097,148.43418230260116,58724100
2022-11-22,148.4539031982422,148.6911501950918,145.24125698087363,146.42747688170903,51804100
2022-11-23,149.33372497558594,150.08498469071404,147.62359740352187,147.73233375155243,58301400
2022-11-25,146.40773010253906,147.16888449613631,145.42910302505686,146.6054284287757,35195900
2022-11-28,142.5624237060547,144.95460787890806,141.73208177830335,143.47184797217477,69246000
2022-11-29,139.54747009277344,143.14563338917574,138.7369025521412,142.63160575157164,83763800
2022-11-30,146.3286590576172,147.01073115671917,138.93463248466975,139.77485420692707,111380900
2022-12-01,146.60543823242188,147.41602103263662,144.92497972191345,146.50659660440166,71250400
2022-12-02,146.1111602783203,146.29897894842466,143.9759823709456,144.28243209151336,65447400
2022-12-05,144.9447479248047,149.18543519719876,144.0946315261712,146.07164500360574,68826400
2022-12-06,141.2675018310547,145.6070458162454,140.28887472844136,145.37969348940564,64727200
2022-12-07,139.3201141357422,141.7221777874695,138.39091557496423,140.55574731051865,69721100
2022-12-08,141.01048278808594,141.87049392300491,139.47830938217072,140.72382246539036,62128300
2022-12-09,140.52609252929688,143.89690343111556,139.2805646427551,140.70401646542416,76097000
2022-12-12,142.829345703125,142.83922534059286,139.43875970806542,141.05991017433828,70462700
2022-12-13,143.79808044433594,148.24636089095367,142.58222134561697,147.7817615043003,93886200
2022-12-14,141.56402587890625,144.97437036858227,139.53758448888027,143.67942923603562,82291200
2022-12-15,134.93116760253906,140.17025624774567,134.46656823635524,139.48818419596876,98931900
2022-12-16,132.96401977539062,136.06792995299983,132.19298581991796,135.1189720463015,160156900
2022-12-19,130.84861755371094,133.6460931216457,129.81069766078807,133.5571311451233,79592600
2022-12-20,130.7794189453125,131.71849714656037,128.39711455138564,129.87987436917055,77432800
2022-12-21,133.8932342529297,135.23760401600552,131.2242690848365,131.45162141055363,85928000
2022-12-22,130.71022033691406,133.0134424692819,128.802409885042,132.80586453500828,77852100
2022-12-23,130.344482421875,130.89804371107982,128.14999653723166,129.41528379353238,63814900
2022-12-27,128.53550720214844,129.8996510860134,127.24056601774359,129.86999709579138,69007800
2022-12-28,124.59138488769531,129.52403118980348,124.4233405593597,128.17966147970347,85438400
2022-12-29,128.12034606933594,128.9803420184741,126.26195630324504,126.51896259932623,75703700
2022-12-30,128.43667602539062,128.4564503839377,125.9654166682795,126.93415661096817,77034200
2023-01-03,123.63252258300781,129.39551044224086,122.74286511723291,128.7826411649236,112117500
2023-01-04,124.90770721435547,127.18127564102066,123.64241984503863,125.43161455867813,89113600
2023-01-05,123.58309173583984,126.30148488412831,123.32608545003059,125.66884126386319,80962700
2023-01-06,128.1302490234375,128.79254678200937,123.45461599396971,124.56174634601723,87754700
2023-01-09,128.65415954589844,131.87670150653418,128.39715319682298,128.97048897560737,70790800
2023-01-10,129.2274627685547,129.7513700565325,126.64745995571087,128.76286346285156,63896200
2023-01-11,131.9557647705078,131.9755240444425,128.9605906771462,129.74150433319187,69458900
2023-01-12,131.87669372558594,132.71691544226815,129.9293341536629,132.3412931209229,71379600
2023-01-13,133.21116638183594,133.36933108444634,130.14680445669435,130.51254713349172,57809700
2023-01-17,134.37759399414062,135.7120688975574,132.5883994032112,133.28035102906594,63646600
2023-01-18,133.65599060058594,137.01690717262807,133.47805156045354,135.24748690824802,69672800
2023-01-19,133.71531677246094,134.68404919653628,132.23255659782018,132.53899128723262,58280400
2023-01-20,136.28541564941406,136.43370070636414,132.67737218152695,133.72518688361293,80223600
2023-01-23,139.48818969726562,141.67279627654958,136.3150763566329,136.5325490508029,81760300
2023-01-24,140.89183044433594,141.51459436693844,138.68746516946817,138.69734480445425,66435100
2023-01-25,140.22955322265625,140.79299416676852,137.21460493959157,139.27070057060922,65799300
2023-01-26,142.30543518066406,142.59209549504305,140.26909865118563,141.52450641893512,54105100
2023-01-27,144.25274658203125,145.5378080511819,141.43551210166743,141.51459443182878,70555800
2023-01-30,141.35647583007812,143.87717124792727,141.20820583984698,143.2939558417953,64015300
2023-01-31,142.631591796875,142.68102013701483,140.6446992239128,141.05987013094617,65874500
2023-02-01,143.7584991455078,144.92494470830036,139.69575173845908,142.3152880410748,77663600
2023-02-02,149.0865936279297,149.44244157391893,146.46704171932092,147.18864741549214,118339000
2023-02-03,152.7242889404297,155.57119313377925,146.13095089780094,146.32864922602454,154357300
2023-02-06,149.9861297607422,151.34039430836512,149.0470513348308,150.81648692074876,69858300
2023-02-07,152.87254333496094,153.44587898676582,148.90863720361276,148.90863720361276,83322600
2023-02-08,150.17391967773438,152.80335083301824,149.43253973358082,152.11139923515765,64120100
2023-02-09,149.135986328125,152.55622581029445,148.69116137357645,152.0125441621068,56007100
2023-02-10,149.50233459472656,149.82904173966972,147.7302123185839,147.9678216348465,57450700
2023-02-13,152.31396484375,152.71985991539307,149.41321016170093,149.44290943263957,62199000
2023-02-14,151.67042541503906,152.2347417014366,149.35379194828116,150.60120648274088,61707600
2023-02-15,153.77919006347656,153.94749097395436,151.35365383790918,151.58135329250317,65573800
2023-02-16,152.1753692626953,154.7692064041291,151.81896289081203,151.97735397330246,68167900
2023-02-17,151.02694702148438,151.47245120963535,149.34392280711089,150.8289468385779,59144100
2023-02-21,146.99757385253906,149.78942626925934,146.92828058675818,148.7004026088836,58867200
2023-02-22,147.42327880859375,148.4528887502369,145.69075089528818,147.3836697109664,51011300
2023-02-23,147.90838623046875,148.83900369928494,145.76996312428713,148.59149969615066,48394200
2023-02-24,145.24525451660156,145.72045796846467,144.26513323484133,145.64125487541327,55469600
2023-02-27,146.44314575195312,147.68066559008122,145.97783708430148,146.23525087875586,44998500
2023-02-28,145.93826293945312,147.59158785522064,145.36405184371336,145.58185657335414,50547000
2023-03-01,143.8592071533203,145.76003585720164,143.5621993638043,145.36403554214274,55479000
2023-03-02,144.45326232910156,145.24527828276618,142.46332016838264,142.9385388044501,52238100
2023-03-03,149.5220947265625,149.60129780845313,145.85903905116976,146.56194185497878,70732300
2023-03-06,152.29417419433594,154.73951510110595,151.92787308169673,152.25456509183923,87558000
2023-03-07,150.08641052246094,152.49214181283335,149.62110185942342,152.16543476603405,56182000
2023-03-08,151.34375,151.93776567756532,150.31413994619248,151.2843514535327,47204800
2023-03-09,149.08651733398438,152.99707781485426,148.73011094218796,152.0268662896932,53833600
2023-03-10,147.01734924316406,149.43299026055394,146.1362357677826,148.71028294188977,68572400
2023-03-13,148.96766662597656,151.6110067861193,146.2253188512381,146.33422118471697,84457100
2023-03-14,151.06654357910156,151.86845415267095,148.60141331315802,149.76962498664284,73695900
2023-03-15,151.46253967285156,151.71993837140982,148.42318357477492,149.68050801163758,77167900
2023-03-16,154.2939910888672,154.89790141964556,150.1260173130943,150.64082983435895,76161100
2023-03-17,153.45248413085938,155.17511745555205,152.7396713831552,154.52170325241562,98944600
2023-03-20,155.8284912109375,156.24431116818113,152.61093964757077,153.52176753764005,73641400
2023-03-21,157.68975830078125,157.80855539502778,154.97710883273007,155.7493352646716,73938300
2023-03-22,156.25421142578125,160.52117754091816,156.2344068779623,157.70953600837723,75701800
2023-03-23,157.34323120117188,159.9370833205621,156.10571123599644,157.24423866782476,67622100
2023-03-24,158.65003967285156,158.73913747364256,156.2740076797667,157.27391824812167,59196500
2023-03-27,156.69970703125,159.16485192823146,156.2937969084943,158.34313696257095,52390300
2023-03-28,156.0760040283203,156.9076288835252,154.42267925169685,156.3928163743877,45992200
2023-03-29,159.16485595703125,159.44205919265104,157.75903523168998,157.778824672489,51305700
2023-03-30,160.73898315429688,160.8478855082498,159.65986944195512,159.9172681392784,49501700
2023-03-31,163.2536163330078,163.35262396586768,160.29347845168977,160.8181856716707,68749800
2023-04-03,164.51095581054688,164.62975289569243,162.58042764470542,162.62993146566447,56976200
2023-04-04,163.97633361816406,165.1742443629799,163.461521135219,164.93665022196166,46278300
2023-04-05,162.125,163.40212898364032,160.1845772758085,163.0952264685397,51511700
2023-04-06,163.0160369873047,163.3130448064106,160.38259082111486,160.80829044689202,45390100
2023-04-10,160.41229248046875,160.41229248046875,158.48176428720794,159.80838211165943,47716900
2023-04-11,159.19456481933594,160.7389872555695,158.90745173956898,160.72909253457362,47644200
2023-04-12,158.50157165527344,160.44199460478865,158.18475927615913,159.61038476928212,50133100
2023-04-13,163.90704345703125,164.14465273087802,159.80837789845614,160.01628790137767,68445600
2023-04-14,163.56056213378906,164.65948057952454,162.18444039601638,162.94674189589546,49386500
2023-04-17,163.58033752441406,163.73874370809605,162.39232135968928,163.4417358903036,41516200
2023-04-18,164.8079376220703,165.7385549260402,163.99611738449903,164.44163659637942,49923000
2023-04-19,165.9563751220703,166.48108235627174,163.8872303481945,164.14464415802902,47720200
2023-04-20,164.98614501953125,166.19396563576217,163.90703130539762,164.43173852810273,52456400
2023-04-21,163.37245178222656,164.78816747380588,162.84774448751364,163.4021510550257,58337300
2023-04-24,163.67933654785156,163.94664508043508,162.25371118266517,163.35262947612597,41949600
2023-04-25,162.13491821289062,164.64955210777222,162.09530911482935,163.5407390651718,48714100
2023-04-26,162.125,163.6298284131595,161.1745931859106,161.43199188421733,45498800
2023-04-27,166.72860717773438,166.87710354316513,163.54075427728802,163.54075427728802,64902300
2023-04-28,167.98590087890625,168.15421688581486,166.2038842356674,166.80779457565893,55209200
2023-05-01,167.89678955078125,168.74820381228082,166.9562774855819,167.58988704485296,52472900
2023-05-02,166.85726928710938,168.64921071415353,165.8672534099648,168.39179691797213,48425700
2023-05-03,165.7781524658203,169.21350870294293,165.49105451372273,167.80768799680482,65136000
2023-05-04,164.13473510742188,165.3722550253471,162.66951575440282,163.24372680909343,81235400
2023-05-05,171.8370819091797,172.55978934902075,169.0551242996228,169.27292902501793,113316400
2023-05-08,171.76776123046875,172.1142728432519,170.39163971305302,170.75794076749395,55962800
2023-05-09,170.0550537109375,171.80737116626167,169.88675280256177,171.3222729910744,45326900
2023-05-10,171.82717895507812,172.29248769554175,170.1837487273319,171.29257694818676,53724500
2023-05-11,172.0152587890625,172.8468685009711,170.45103188917147,172.11426641943214,49514700
2023-05-12,171.08335876464844,172.5605130962495,169.52687667093326,172.12430116865193,45497800
2023-05-15,170.5876922607422,171.71787100649163,169.99285497252012,171.6682987112497,37266700
2023-05-16,170.5876922607422,171.64846676768477,170.3200139683082,170.5083796138232,42110300
2023-05-17,171.2023468017578,171.44026961578084,168.9518977126324,170.23079334736886,57951600
2023-05-18,173.54197692871094,173.73034253127065,171.09325435010916,171.50963430597616,65496700
2023-05-19,173.6510772705078,174.8704771258384,173.43297126355876,174.8704771258384,55772400
2023-05-22,172.69931030273438,173.20492646986477,171.95577135327312,172.48120433403864,43570900
2023-05-23,170.0820770263672,171.8864057178537,169.8044903241909,171.6385593675291,50747300
2023-05-24,170.3596649169922,170.9346702690374,169.05104404436648,169.61612586083143,45143500
2023-05-25,171.49977111816406,172.40192036340346,170.21096703266915,170.92476575302507,56058300
2023-05-26,173.91871643066406,174.2557989304357,171.61871039409903,171.82690796374212,54835000
2023-05-30,175.77261352539062,177.44805707235744,175.04890650518007,175.4355461600694,55964400
2023-05-31,175.72305297851562,177.80496826079084,175.23726871202743,175.80236562165695,99625300
2023-06-01,178.53858947753906,178.5683298287558,175.405808045758,176.1691790241155,68901800
2023-06-02,179.3911590576172,180.21401063542314,177.7157155545107,179.47047169338217,61945900
2023-06-05,178.03298950195312,183.35672418608127,176.50624753561252,181.05671795588958,121946500
2023-06-06,177.6661834716797,178.56833268525313,175.9015035496613,178.41963092679066,64848400
2023-06-07,176.28814697265625,179.64894264257165,175.79245430672572,176.90280103766142,61944600
2023-06-08,179.0144500732422,179.28211321134853,175.93124119908015,176.36743802214428,50214900
2023-06-09,179.40106201171875,180.66011025079294,179.07390309947007,179.93640333254774,48870700
2023-06-12,182.20669555664062,182.30584013644759,179.4109969086846,179.70841552076647,54274900
2023-06-13,181.7308349609375,182.5635949733869,180.86833459999627,181.2252339092373,54929100
2023-06-14,182.36534118652344,182.8015531826157,180.45197462688512,181.79033583961464,57462900
2023-06-15,184.40757751464844,184.91319370821412,182.19679249165128,182.37524971506843,65433200
2023-06-16,183.3269500732422,185.37912470625074,182.68255574170084,185.12135487176403,101235600
2023-06-20,183.41619873046875,184.4968202621219,182.82137659501507,182.82137659501507,49799100
2023-06-21,182.37525939941406,183.8127651610623,181.01705115534045,183.30714894064778,49515700
2023-06-22,185.38906860351562,185.43864089866383,182.08775342754114,182.15715766621673,51245300
2023-06-23,185.07179260253906,185.94421646985703,183.41618103785228,183.95153754819322,53079300
2023-06-26,183.67396545410156,186.43001547826037,183.63430156934749,185.22052415803645,48088700
2023-06-27,186.43991088867188,186.7670698420573,184.07050070567323,184.28860667459685,50730800
2023-06-28,187.6196746826172,188.26406909954764,185.9838949305078,186.31103877905792,51216800
2023-06-29,187.95672607421875,188.43260188630063,187.3123317121149,187.4511250421375,46347300
2023-06-30,192.29901123046875,192.8046122965116,189.61235036422667,189.9791732182635,85069600
2023-07-03,190.8020477294922,192.20981323378058,190.10806582219766,192.11066863921243,31458200
2023-07-05,189.68174743652344,191.3175270975779,188.97785723169864,189.91968534956396,46920300
2023-07-06,190.15762329101562,190.365820872437,187.57010689891024,188.204592923582,45094300
2023-07-07,189.037353515625,191.01021583133178,188.60115666342472,189.76107572138073,46778000
2023-07-10,186.98519897460938,188.35331565327752,185.42871665150543,187.62959342704087,59922200
2023-07-11,186.4597625732422,187.66925393721883,184.99251645839882,187.53046059023825,46638100
2023-07-12,188.13519287109375,190.04855924155865,186.84638895388292,188.0459566971953,60750200
2023-07-13,188.89854431152344,189.54295381895912,188.1450969456968,188.85889555641208,41342300
2023-07-14,189.04725646972656,189.5330255625977,187.9963905210603,188.59121259694425,41573900
2023-07-17,192.31884765625,192.64600663390738,190.15761974766676,190.24684079775338,50520200
2023-07-18,192.06106567382812,192.65590289157154,190.76235338000512,191.68434955477355,48353800
2023-07-19,193.41928100585938,196.52230675519328,190.99037488225764,191.4365103758755,80507300
2023-07-20,191.4662628173828,194.77748634801802,190.84168518874347,193.40936968617578,59581200
2023-07-21,190.28651428222656,193.29041080540085,189.5826239989074,192.42791035637276,71917800
2023-07-24,191.0895233154297,193.230919269526,190.5938306479448,191.7438412670713,45377800
2023-07-25,191.9520263671875,192.7649696142135,191.25805964859208,191.66453127210508,37283200
2023-07-26,192.82444763183594,193.95462630849192,191.6546201978147,192.0015959886147,47471900
2023-07-27,191.55548095703125,195.50119046422063,190.89125457942112,194.33136299756583,47460200
2023-07-28,194.1429901123047,194.9361013981904,192.46754649179775,192.99297950413737,48291400
2023-07-31,194.7576446533203,194.7973085377491,193.57789369266726,194.37100498050742,38824100
2023-08-01,193.9248809814453,195.0352276872512,193.59772201405482,194.54945856713078,35175100
2023-08-02,190.9209747314453,193.49856732490423,190.19726772902345,193.35977399392826,50389300
2023-08-03,189.52313232421875,190.71279169853844,189.04727159995883,189.91969553388512,61235200
2023-08-04,180.42222595214844,185.76579240309633,180.35282171627148,183.92181504025928,115799700
2023-08-07,177.30926513671875,181.55239296699656,175.8221872019764,180.5610076771683,97576100
2023-08-08,178.25106811523438,178.71702038544473,176.05019168536276,178.1420151343907,67823000
2023-08-09,176.65496826171875,179.37135459798415,175.48512561412892,179.3118738938821,60378500
2023-08-10,176.43682861328125,179.19287831156532,176.07002092304583,177.93381484794008,54686900
2023-08-11,176.49639892578125,177.32036168980022,175.26543082107975,176.02983256684112,51988100
2023-08-14,178.15426635742188,178.38258864969947,176.01990054114177,176.6751020557822,43675600
2023-08-15,176.15890502929688,178.1741339293912,175.76182141117968,177.5785085022154,43622600
2023-08-16,175.28530883789062,177.24096145960885,175.2158108770956,175.84123193317788,46964900
2023-08-17,172.73399353027344,176.218449670705,172.21777275650916,175.85114660071363,66062900
2023-08-18,173.2204132080078,173.8259754434126,170.7088227434025,171.04634526208298,61114200
2023-08-21,174.5605926513672,174.84849110751958,172.47588124297116,173.79620604217206,46311900
2023-08-22,175.94046020507812,176.3871829499476,174.96759498215445,175.77169895247258,42084200
2023-08-23,179.80218505859375,180.2290643006026,177.032491470534,177.2211114741355,52722800
2023-08-24,175.09664916992188,179.78230726575964,174.72933102048285,179.3554281049967,54945800
2023-08-25,177.31045532226562,177.84651968096887,174.54076169805765,176.08940889849805,51449600
2023-08-28,178.87896728515625,179.27605088665493,177.25090028258217,178.77968881089737,43820700
2023-08-29,182.78036499023438,183.55468861261488,178.19398428109324,178.3925260808221,53003900
2023-08-30,186.28466796875,186.48322490340712,183.39585240180426,183.59439418869403,60813900
2023-08-31,186.50306701660156,187.7439721096439,186.11590523348306,186.47328650618994,60794500
2023-09-01,188.08152770996094,188.53817234491697,186.91010531378714,188.11130822320726,45732600
2023-09-05,188.31976318359375,188.59772472633045,186.24497340110617,186.91009674606673,45280000
2023-09-06,181.57916259765625,187.47594597496703,180.14963751857883,187.02920802693,81755800
2023-09-07,176.26809692382812,176.9133767073295,172.27734161590178,173.90540860928058,112488800
2023-09-08,176.88356018066406,178.92858440411607,176.4963984153427,177.05233659559462,65551300
2023-09-11,178.0549774169922,178.98814040153138,176.0496706936909,178.7598181226865,58953100
2023-09-12,175.0172576904297,178.81939272059032,173.5480302988034,178.18404991763566,90370200
2023-09-13,172.94247436523438,176.00998823848755,172.7141369128852,175.22572770658326,84267900
2023-09-14,174.46133422851562,174.81871550108795,172.3170465930817,172.73398888645488,60895800
2023-09-15,173.7366180419922,175.2157822233053,172.5552892315787,175.19592350235882,109205100
2023-09-18,176.6750946044922,178.0748391046168,174.88818834345716,175.1959303652364,67257600
2023-09-19,177.76708984375,178.32301284726324,175.84120290460362,176.2283646497479,51826900
2023-09-20,174.21315002441406,178.3925098170354,174.1237933470795,177.95570880879336,58436200
2023-09-21,172.66452026367188,175.01728701937873,172.59503744352244,173.28001959463572,63047900
2023-09-22,173.51821899414062,175.7915654067452,172.7836129384518,173.39909696300535,56725400
2023-09-25,174.79885864257812,175.6823824720043,172.88289328236814,172.93253251615403,46172700
2023-09-26,170.7088165283203,173.92523242084695,170.41099631477684,173.5480076216062,64588900
2023-09-27,169.18995666503906,171.78096710415326,167.8200077433672,171.36402481079512,66921800
2023-09-28,169.4480743408203,170.77832096236608,166.40040416763804,168.1078907839796,56294400
2023-09-29,169.96429443359375,171.81076180692196,169.10061419351356,170.76839850543928,51814200
2023-10-02,172.48580932617188,173.03181060107437,169.6863201427267,169.97421860938772,52164500
2023-10-03,171.14561462402344,172.36667607241205,169.5771240058018,171.0066338674304,49594600
2023-10-04,172.39646911621094,172.94247039530038,169.7260388902924,169.8451609338146,53020300
2023-10-05,173.6373748779297,174.17343922355133,171.42358924241523,172.52551359241795,48527900
2023-10-06,176.19862365722656,176.69498575707453,171.91996963241104,172.53546893670554,57224100
2023-10-09,177.68768310546875,177.74724412480685,174.52089096334598,175.52353680032698,42390800
2023-10-10,177.09205627441406,178.4123811800482,176.65525523522464,176.8041729428218,43698000
2023-10-11,178.49179077148438,178.54143000452555,176.30780084757703,176.90342620076967,47551100
2023-10-12,179.3951873779297,181.01331743803624,177.73732472140046,178.759844529376,56743100
2023-10-13,177.5487060546875,180.60628286156256,176.84386529966793,180.09999903884182,51427100
2023-10-16,177.41966247558594,177.77704377786506,175.22573542452864,175.4639946753042,52517000
2023-10-17,175.86105346679688,177.12181720914745,173.52816111664285,175.3646914585386,57549400
2023-10-18,174.5605926513672,176.28793794498117,173.83590833900334,174.30248985254676,54764400
2023-10-19,174.18338012695312,176.54605322348112,173.91534037415258,174.75914678442408,59302900
2023-10-20,171.6221466064453,174.14365914589465,171.38388737014972,174.03445888939677,64189300
2023-10-23,171.7412567138672,172.7439025281915,168.69358667928853,169.66646713238327,55980100
2023-10-24,172.17808532714844,172.40640764866407,170.20255874285166,171.79092350033105,43816600
2023-10-25,169.8551025390625,171.80083332633419,169.4083645680371,170.62942613878033,57157000
2023-10-26,165.6757354736328,170.1330724325947,164.46461077917579,169.13041133026712,70625300
2023-10-27,166.9960479736328,167.73066925493364,165.6161620916175,165.69558183671225,58499100
2023-10-30,169.0509796142578,169.92458166587582,167.64131321590813,167.7902309189435,51131000
2023-10-31,169.52749633789062,169.6565401685357,166.67836791176023,168.11782995408234,44846000
2023-11-01,172.7042236328125,172.96232646167283,168.88222955093784,169.75583166057058,56934900
2023-11-02,176.2780303955078,176.4864939793014,174.18338188289627,174.2429429068373,77334800
2023-11-03,175.3647003173828,175.53347673875106,172.08872301559984,172.97224682902157,79763700
2023-11-06,177.92593383789062,178.1244756256995,174.92791800211177,175.09667927913767,63841300
2023-11-07,180.49708557128906,181.11256960611928,177.66781610245852,177.87627966042598,70530000
2023-11-08,181.55929565429688,182.1152186825965,180.26875139702054,181.02323134779837,49340300
2023-11-09,181.08279418945312,182.78034380026955,180.48715371155149,181.62879543623518,53763500
2023-11-10,185.2875518798828,185.4565506612299,182.43468499907056,182.87206148972973,66133400
2023-11-13,183.6970977783203,184.9197527658604,183.1106225987718,184.71101456121173,43627500
2023-11-14,186.3213348388672,186.98733436699092,185.1881391216873,186.57977766288278,60108400
2023-11-15,186.887939453125,188.36905250310778,186.65931635404164,186.72890587030213,53790500
2023-11-16,188.5778045654297,189.82034448090351,187.52411797622008,188.43864070160558,54412900
2023-11-17,188.55792236328125,189.24380683321974,187.44461143684416,189.11457782649978,50922700
2023-11-20,190.30740356445312,190.76466491067268,188.7467813740569,188.75671623264228,46505100
2023-11-21,189.5022430419922,190.37699597796984,188.60762038854105,190.26765186097265,38134500
2023-11-22,190.16824340820312,191.77857025832532,189.6911123355231,190.34717704028523,39617700
2023-11-24,188.83624267578125,189.76068506922263,188.1205384889839,189.73086532541635,24048300
2023-11-27,188.6573028564453,189.53205575999598,187.77261509452617,188.78653185384877,40552600
2023-11-28,189.263671875,189.9396214691522,188.26963995303524,188.64737693705334,38415400
2023-11-29,188.2398223876953,190.9435904601538,187.84221568139642,189.76069003248776,43014200
2023-11-30,188.8163604736328,189.1841625986753,187.06686975200412,188.70701635554832,48794400
2023-12-01,190.09866333007812,190.41674564636727,188.10064953196948,189.19409067360718,45679300
2023-12-04,188.29945373535156,188.91576382150808,186.33127483914026,188.84617430866663,43389500
2023-12-05,192.26565551757812,193.23980256929687,189.0449865799245,189.07482149235318,66628400
2023-12-06,191.1722412109375,193.59766654612127,190.9634878174767,193.2895190534562,41089700
2023-12-07,193.11058044433594,193.8362194805571,192.43463086867496,192.4744006383907,47477700
2023-12-08,194.5419921875,194.8203199094653,192.5141585929263,193.04099429291227,53377300
2023-12-11,192.02708435058594,192.33524699521988,190.27759358324766,191.9575100014726,60943700
2023-12-12,193.5479736328125,193.5579084922386,190.5758125501861,191.92769665062553,52696900
2023-12-13,196.778564453125,196.8183190559037,193.68712459255818,193.925682544677,70404200
2023-12-14,196.9276580810547,198.42864077264184,194.98929893159502,196.83819885132337,66831600
2023-12-15,196.39088439941406,197.21591750628332,195.82427895138287,196.35111463057538,128256700
2023-12-18,194.72091674804688,195.45650584640038,193.22986883323685,194.91972010314345,55751900
2023-12-19,195.7646484375,195.77458329630363,194.72091188963017,194.98930475456203,40714100
2023-12-20,193.66725158691406,196.50023361616374,193.66725158691406,195.72488988877126,52242800
2023-12-21,193.5181121826172,195.90379770975298,192.34516188676014,194.9296507492267,46482500
2023-12-22,192.444580078125,194.24377537319003,191.81833513340536,194.01513711760236,37122800
2023-12-26,191.8978729248047,192.73285613100865,191.67918468017166,192.45452839560733,28919300
2023-12-27,191.9972686767578,192.34518593287333,189.94956524818429,191.34121910492223,48087700
2023-12-28,192.42469787597656,193.49825415286705,192.01714115491455,192.98135331561093,34049900
2023-12-29,191.38096618652344,193.23980104114617,190.58573760932344,192.7427850763616,42628800
